,Generator,Technology type,Region,Sub-region,REZ location,Status,Regional build cost zone,Fuel type,Fuel cost mapping,Summer rating (MW),Winter rating (MW),Forced outage rate - Full outage (% of time) - Until 2022,Forced outage rate - Full outage (% of time) - Post 2022,Forced outage rate - Partial outage (% of time) - Until 2022,Forced outage rate - Partial outage (% of time) - Post 2022,Mean time to repair - Full outage (% of time) - Until 2022,Mean time to repair - Full outage (% of time) - Post 2022,Mean time to repair - Partial outage (% of time) - Until 2022,Mean time to repair - Partial outage (% of time) - Post 2022,Maintenance duration (%),Minimum load (MW),Maximum capacity factor (%),FOM ($/kW/annum),VOM ($/MWh sent-out),Heat rate,MLF,Auxiliary load (%)
2,Bayswater,Steam Sub Critical,NSW,CNSW,,Existing,,Black Coal,Bayswater,Bayswater,Bayswater,Black Coal NSW,Black Coal NSW,Black Coal NSW,Black Coal NSW,Black Coal NSW,Black Coal NSW,Black Coal NSW,Black Coal NSW,Black Coal,BW01,NSW Coal,Bayswater,Bayswater,Bayswater,Bayswater,Black Coal NSW
3,Eraring,Steam Sub Critical,NSW,SNW,,Existing,,Black Coal,Eraring,Eraring,Eraring,Black Coal NSW,Black Coal NSW,Black Coal NSW,Black Coal NSW,Black Coal NSW,Black Coal NSW,Black Coal NSW,Black Coal NSW,Black Coal,ER01,NSW Coal,Eraring,Eraring,Eraring,Eraring,Black Coal NSW
4,Mt Piper,Steam Sub Critical,NSW,CNSW,,Existing,,Black Coal,Mt Piper,Mt Piper,Mt Piper,Black Coal NSW,Black Coal NSW,Black Coal NSW,Black Coal NSW,Black Coal NSW,Black Coal NSW,Black Coal NSW,Black Coal NSW,Black Coal,MP1,NSW Coal,Mt Piper,Mt Piper,Mt Piper,Mt Piper,Black Coal NSW
5,Vales Point B,Steam Sub Critical,NSW,SNW,,Existing,,Black Coal,Vales Point B,Vales Point B,Vales Point B,Black Coal NSW,Black Coal NSW,Black Coal NSW,Black Coal NSW,Black Coal NSW,Black Coal NSW,Black Coal NSW,Black Coal NSW,Black Coal,VP5,NSW Coal,Vales Point B,Vales Point B,Vales Point B,Vales Point B,Black Coal NSW
6,Callide B,Steam Sub Critical,QLD,CQ,,Existing,,Black Coal,Callide B,Callide B,Callide B,Black Coal QLD,Black Coal QLD,Black Coal QLD,Black Coal QLD,Black Coal QLD,Black Coal QLD,Black Coal QLD,Black Coal QLD,Black Coal,CALL_B_1,,Callide B,Callide B,Callide B,Callide B,Black Coal QLD
7,Callide C,Steam Super Critical,QLD,CQ,,Existing,,Black Coal,Callide C,Callide C,Callide C,Black Coal QLD,Black Coal QLD,Black Coal QLD,Black Coal QLD,Black Coal QLD,Black Coal QLD,Black Coal QLD,Black Coal QLD,Black Coal,CPP_3,,Callide C,Callide C,Callide C,Callide C,Black Coal QLD
8,Gladstone,Steam Sub Critical,QLD,GG,,Existing,,Black Coal,Gladstone,Gladstone,Gladstone,Black Coal QLD,Black Coal QLD,Black Coal QLD,Black Coal QLD,Black Coal QLD,Black Coal QLD,Black Coal QLD,Black Coal QLD,Black Coal,GSTONE1,,Gladstone,Gladstone,Gladstone,Gladstone,Black Coal QLD
9,Kogan Creek,Steam Super Critical,QLD,SQ,,Existing,,Black Coal,Kogan Creek,Kogan Creek,Kogan Creek,Black Coal QLD,Black Coal QLD,Black Coal QLD,Black Coal QLD,Black Coal QLD,Black Coal QLD,Black Coal QLD,Black Coal QLD,Black Coal,KPP_1,,Kogan Creek,Kogan Creek,Kogan Creek,Kogan Creek,Black Coal QLD
10,Millmerran,Steam Super Critical,QLD,SQ,,Existing,,Black Coal,Millmerran,Millmerran,Millmerran,Black Coal QLD,Black Coal QLD,Black Coal QLD,Black Coal QLD,Black Coal QLD,Black Coal QLD,Black Coal QLD,Black Coal QLD,Black Coal,MPP_1,,Millmerran,Millmerran,Millmerran,Millmerran,Black Coal QLD
11,Stanwell,Steam Sub Critical,QLD,CQ,,Existing,,Black Coal,Stanwell,Stanwell,Stanwell,Black Coal QLD,Black Coal QLD,Black Coal QLD,Black Coal QLD,Black Coal QLD,Black Coal QLD,Black Coal QLD,Black Coal QLD,Black Coal,STAN-1,,Stanwell,Stanwell,Stanwell,Stanwell,Black Coal QLD
12,Tarong,Steam Sub Critical,QLD,SQ,,Existing,,Black Coal,Tarong,Tarong,Tarong,Black Coal QLD,Black Coal QLD,Black Coal QLD,Black Coal QLD,Black Coal QLD,Black Coal QLD,Black Coal QLD,Black Coal QLD,Black Coal,TARONG#1,,Tarong,Tarong,Tarong,Tarong,Black Coal QLD
13,Tarong North,Steam Super Critical,QLD,SQ,,Existing,,Black Coal,Tarong North,Tarong North,Tarong North,Black Coal QLD,Black Coal QLD,Black Coal QLD,Black Coal QLD,Black Coal QLD,Black Coal QLD,Black Coal QLD,Black Coal QLD,Black Coal,TNPS1,,Tarong North,Tarong North,Tarong North,Tarong North,Black Coal QLD
14,Loy Yang A Power Station,Steam Sub Critical,VIC,VIC,,Existing,,Brown Coal,Loy Yang A,Loy Yang A Power Station,Loy Yang A Power Station,Brown Coal,Brown Coal,Brown Coal,Brown Coal,Brown Coal,Brown Coal,Brown Coal,Brown Coal,Brown Coal,LYA1,,Loy Yang A Power Station,Loy Yang A Power Station,Loy Yang A Power Station,Loy Yang A Power Station,Brown Coal VIC
15,Loy Yang B,Steam Sub Critical,VIC,VIC,,Existing,,Brown Coal,Loy Yang B,Loy Yang B,Loy Yang B,Brown Coal,Brown Coal,Brown Coal,Brown Coal,Brown Coal,Brown Coal,Brown Coal,Brown Coal,Brown Coal,LOYYB1,,Loy Yang B,Loy Yang B,Loy Yang B,Loy Yang B,Brown Coal VIC
16,Yallourn W,Steam Sub Critical,VIC,VIC,,Existing,,Brown Coal,Yallourn W,Yallourn W,Yallourn W,Brown Coal,Brown Coal,Brown Coal,Brown Coal,Brown Coal,Brown Coal,Brown Coal,Brown Coal,Brown Coal,YWPS1,,Yallourn W,Yallourn W,Yallourn W,Yallourn W,Brown Coal VIC
17,Tallawarra,CCGT,NSW,SNW,,Existing,,Gas,Tallawarra,Tallawarra,Tallawarra,Steam Turbine & CCGT,Steam Turbine & CCGT,Steam Turbine & CCGT,Steam Turbine & CCGT,Steam Turbine & CCGT,Steam Turbine & CCGT,Steam Turbine & CCGT,Steam Turbine & CCGT,CCGT,,,Tallawarra,Tallawarra,Tallawarra,Tallawarra,CCGT
18,Condamine A,CCGT,QLD,SQ,,Existing,,Gas,Condamine A,Condamine A,Condamine A,Steam Turbine & CCGT,Steam Turbine & CCGT,Steam Turbine & CCGT,Steam Turbine & CCGT,Steam Turbine & CCGT,Steam Turbine & CCGT,Steam Turbine & CCGT,Steam Turbine & CCGT,CCGT,,,Condamine A,Condamine A,Condamine A,Condamine A,CCGT
19,Darling Downs,CCGT,QLD,SQ,,Existing,,Gas,Darling Downs,Darling Downs,Darling Downs,Steam Turbine & CCGT,Steam Turbine & CCGT,Steam Turbine & CCGT,Steam Turbine & CCGT,Steam Turbine & CCGT,Steam Turbine & CCGT,Steam Turbine & CCGT,Steam Turbine & CCGT,CCGT,,,Darling Downs,Darling Downs,Darling Downs,Darling Downs,CCGT
20,Swanbank E GT,CCGT,QLD,SQ,,Existing,,Gas,Swanbank E GT,Swanbank E GT,Swanbank E GT,Steam Turbine & CCGT,Steam Turbine & CCGT,Steam Turbine & CCGT,Steam Turbine & CCGT,Steam Turbine & CCGT,Steam Turbine & CCGT,Steam Turbine & CCGT,Steam Turbine & CCGT,CCGT,,,Swanbank E GT,Swanbank E GT,Swanbank E GT,Swanbank E GT,CCGT
21,Townsville Power Station,CCGT,QLD,NQ,,Existing,,Gas,Townsville Power Station,Townsville Power Station,Townsville Power Station,Steam Turbine & CCGT,Steam Turbine & CCGT,Steam Turbine & CCGT,Steam Turbine & CCGT,Steam Turbine & CCGT,Steam Turbine & CCGT,Steam Turbine & CCGT,Steam Turbine & CCGT,CCGT,,,Townsville Power Station,Townsville Power Station,Townsville Power Station,Townsville Power Station,CCGT
22,Yarwun Cogen,CCGT,QLD,GG,,Existing,,Gas,Yarwun Cogen,Yarwun Cogen,Yarwun Cogen,Steam Turbine & CCGT,Steam Turbine & CCGT,Steam Turbine & CCGT,Steam Turbine & CCGT,Steam Turbine & CCGT,Steam Turbine & CCGT,Steam Turbine & CCGT,Steam Turbine & CCGT,CCGT,,,Yarwun Cogen,Yarwun Cogen,Yarwun Cogen,Yarwun Cogen,CCGT
23,Osborne,CCGT,SA,CSA,,Existing,,Gas,Osborne,Osborne,Osborne,Steam Turbine & CCGT,Steam Turbine & CCGT,Steam Turbine & CCGT,Steam Turbine & CCGT,Steam Turbine & CCGT,Steam Turbine & CCGT,Steam Turbine & CCGT,Steam Turbine & CCGT,CCGT,,,Osborne,Osborne,Osborne,Osborne,CCGT
24,Pelican Point,CCGT,SA,CSA,,Existing,,Gas,Pelican Point,Pelican Point,Pelican Point,Steam Turbine & CCGT,Steam Turbine & CCGT,Steam Turbine & CCGT,Steam Turbine & CCGT,Steam Turbine & CCGT,Steam Turbine & CCGT,Steam Turbine & CCGT,Steam Turbine & CCGT,CCGT,,,Pelican Point,Pelican Point,Pelican Point,Pelican Point,CCGT
25,Tamar Valley Combined Cycle,CCGT,TAS,TAS,,Existing,,Gas,Tamar Valley Combined Cycle,Tamar Valley Combined Cycle,Tamar Valley Combined Cycle,Steam Turbine & CCGT,Steam Turbine & CCGT,Steam Turbine & CCGT,Steam Turbine & CCGT,Steam Turbine & CCGT,Steam Turbine & CCGT,Steam Turbine & CCGT,Steam Turbine & CCGT,CCGT,,,Tamar Valley Combined Cycle,Tamar Valley Combined Cycle,Tamar Valley Combined Cycle,Tamar Valley Combined Cycle,CCGT
26,Colongra,OCGT,NSW,SNW,,Existing,,Gas,Colongra,Colongra,Colongra,OCGT Small,OCGT Small,OCGT Small,OCGT Small,OCGT Small,OCGT Small,OCGT Small,OCGT Small,OCGT,,,Colongra,Colongra,Colongra,Colongra,OCGT
27,Smithfield Energy Facility,OCGT,NSW,SNW,,Existing,,Gas,Smithfield Energy Facility,Smithfield Energy Facility,Smithfield Energy Facility,OCGT Small,OCGT Small,OCGT Small,OCGT Small,OCGT Small,OCGT Small,OCGT Small,OCGT Small,OCGT,,,Smithfield Energy Facility,Smithfield Energy Facility,Smithfield Energy Facility3,Smithfield Energy Facility,OCGT
28,Uranquinty,OCGT,NSW,SNSW,,Existing,,Gas,Uranquinty,Uranquinty,Uranquinty,OCGT,OCGT,OCGT,OCGT,OCGT,OCGT,OCGT,OCGT,OCGT,,,Uranquinty,Uranquinty,Uranquinty,Uranquinty,OCGT
29,Barcaldine Power Station,OCGT,QLD,CQ,,Existing,,Gas,Barcaldine Power Station,Barcaldine Power Station,Barcaldine Power Station,OCGT Small,OCGT Small,OCGT Small,OCGT Small,OCGT Small,OCGT Small,OCGT Small,OCGT Small,OCGT,,,Barcaldine Power Station,Barcaldine Power Station,Barcaldine Power Station,Barcaldine Power Station,OCGT
30,Braemar,OCGT,QLD,SQ,,Existing,,Gas,Braemar,Braemar,Braemar,OCGT,OCGT,OCGT,OCGT,OCGT,OCGT,OCGT,OCGT,OCGT,,,Braemar,Braemar,Braemar,Braemar,OCGT
31,Braemar 2 Power Station,OCGT,QLD,SQ,,Existing,,Gas,Braemar 2 Power Station,Braemar 2 Power Station,Braemar 2 Power Station,OCGT,OCGT,OCGT,OCGT,OCGT,OCGT,OCGT,OCGT,OCGT,,,Braemar 2 Power Station,Braemar 2 Power Station,Braemar 2 Power Station,Braemar 2 Power Station,OCGT
32,Mt Stuart,OCGT,QLD,NQ,,Existing,,Liquid Fuel,Liquid Fuel,Mt Stuart,Mt Stuart,OCGT Small,OCGT Small,OCGT Small,OCGT Small,OCGT Small,OCGT Small,OCGT Small,OCGT Small,OCGT,,,Mt Stuart,Mt Stuart,Mt Stuart,Mt Stuart,Liquid Fuel
33,Oakey Power Station,OCGT,QLD,SQ,,Existing,,Gas,Oakey Power Station,Oakey Power Station,Oakey Power Station,OCGT,OCGT,OCGT,OCGT,OCGT,OCGT,OCGT,OCGT,OCGT,,,Oakey Power Station,Oakey Power Station,Oakey Power Station,Oakey Power Station,OCGT
34,Roma,OCGT,QLD,SQ,,Existing,,Gas,Roma,Roma,Roma,OCGT Small,OCGT Small,OCGT Small,OCGT Small,OCGT Small,OCGT Small,OCGT Small,OCGT Small,OCGT,,,Roma,Roma,Roma,Roma,OCGT
35,Bolivar Power Station,OCGT,SA,CSA,,Existing,,Gas,Bolivar Power Station,Bolivar Power Station,Bolivar Power Station,OCGT,OCGT,OCGT,OCGT,OCGT,OCGT,OCGT,OCGT,OCGT,,,Bolivar Power Station,Bolivar Power Station,Bolivar Power Station1,Bolivar Power Station,OCGT
36,Dry Creek GT,OCGT,SA,CSA,,Existing,,Gas,Dry Creek GT,Dry Creek GT,Dry Creek GT,OCGT Small,OCGT Small,OCGT Small,OCGT Small,OCGT Small,OCGT Small,OCGT Small,OCGT Small,OCGT,,,Dry Creek GT,Dry Creek GT,Dry Creek GT,Dry Creek GT,OCGT
37,Hallett GT,OCGT,SA,CSA,,Existing,,Gas,Hallett GT,Hallett GT,Hallett GT,OCGT Small,OCGT Small,OCGT Small,OCGT Small,OCGT Small,OCGT Small,OCGT Small,OCGT Small,OCGT,,,Hallett GT,Hallett GT,Hallett GT,Hallett GT,OCGT
38,Ladbroke Grove,OCGT,SA,SESA,,Existing,,Gas,Ladbroke Grove,Ladbroke Grove,Ladbroke Grove,OCGT Small,OCGT Small,OCGT Small,OCGT Small,OCGT Small,OCGT Small,OCGT Small,OCGT Small,OCGT,,,Ladbroke Grove,Ladbroke Grove,Ladbroke Grove,Ladbroke Grove,OCGT
39,Mintaro GT,OCGT,SA,CSA,,Existing,,Gas,Mintaro GT,Mintaro GT,Mintaro GT,OCGT Small,OCGT Small,OCGT Small,OCGT Small,OCGT Small,OCGT Small,OCGT Small,OCGT Small,OCGT,,,Mintaro GT,Mintaro GT,Mintaro GT,Mintaro GT,OCGT
40,Port Lincoln GT,OCGT,SA,CSA,,Existing,,Liquid Fuel,Liquid Fuel,Port Lincoln Gt,Port Lincoln Gt,OCGT Small,OCGT Small,OCGT Small,OCGT Small,OCGT Small,OCGT Small,OCGT Small,OCGT Small,OCGT,,,Port Lincoln GT,Port Lincoln GT,Port Lincoln GT,Port Lincoln GT,Liquid Fuel
41,Quarantine,OCGT,SA,CSA,,Existing,,Gas,Quarantine,Quarantine,Quarantine,OCGT Small,OCGT Small,OCGT Small,OCGT Small,OCGT Small,OCGT Small,OCGT Small,OCGT Small,OCGT,,,Quarantine,Quarantine,Quarantine,Quarantine,OCGT
42,Snapper Point Power Station,OCGT,SA,CSA,,Existing,,Gas,SA new OCGT,Snapper Point Power Station,Snapper Point Power Station,OCGT,OCGT,OCGT,OCGT,OCGT,OCGT,OCGT,OCGT,OCGT,,,Snapper Point Power Station,Snapper Point Power Station,Snapper Point Power Station1,Snapper Point Power Station,OCGT
43,Snuggery,OCGT,SA,SESA,,Existing,,Liquid Fuel,Liquid Fuel,Snuggery,Snuggery,OCGT Small,OCGT Small,OCGT Small,OCGT Small,OCGT Small,OCGT Small,OCGT Small,OCGT Small,OCGT,,,Snuggery,Snuggery,Snuggery,Snuggery,Liquid Fuel
44,Bell Bay Three,OCGT,TAS,TAS,,Existing,,Gas,Bell Bay Three,Bell Bay Three,Bell Bay Three,OCGT,OCGT,OCGT,OCGT,OCGT,OCGT,OCGT,OCGT,OCGT,,,Bell Bay Three,Bell Bay Three,Bell Bay Three,Bell Bay Three,OCGT
45,Tamar Valley Peaking,OCGT,TAS,TAS,,Existing,,Gas,Tamar Valley Peaking,Tamar Valley Peaking,Tamar Valley Peaking,OCGT,OCGT,OCGT,OCGT,OCGT,OCGT,OCGT,OCGT,OCGT,,,Tamar Valley Peaking,Tamar Valley Peaking,Tamar Valley Peaking,Tamar Valley Peaking,OCGT
46,Bairnsdale,OCGT,VIC,VIC,,Existing,,Gas,Bairnsdale,Bairnsdale,Bairnsdale,OCGT Small,OCGT Small,OCGT Small,OCGT Small,OCGT Small,OCGT Small,OCGT Small,OCGT Small,OCGT,,,Bairnsdale,Bairnsdale,Bairnsdale,Bairnsdale,OCGT
47,Jeeralang A,OCGT,VIC,VIC,,Existing,,Gas,Jeeralang A,Jeeralang A,Jeeralang A,OCGT Small,OCGT Small,OCGT Small,OCGT Small,OCGT Small,OCGT Small,OCGT Small,OCGT Small,OCGT,,,Jeeralang A,Jeeralang A,Jeeralang A,Jeeralang A,OCGT
48,Jeeralang B,OCGT,VIC,VIC,,Existing,,Gas,Jeeralang B,Jeeralang B,Jeeralang B,OCGT Small,OCGT Small,OCGT Small,OCGT Small,OCGT Small,OCGT Small,OCGT Small,OCGT Small,OCGT,,,Jeeralang B,Jeeralang B,Jeeralang B,Jeeralang B,OCGT
49,Laverton North,OCGT,VIC,VIC,,Existing,,Gas,Laverton North,Laverton North,Laverton North,OCGT,OCGT,OCGT,OCGT,OCGT,OCGT,OCGT,OCGT,OCGT,,,Laverton North,Laverton North,Laverton North,Laverton North,OCGT
50,Mortlake,OCGT,VIC,VIC,,Existing,,Gas,Mortlake,Mortlake,Mortlake,OCGT,OCGT,OCGT,OCGT,OCGT,OCGT,OCGT,OCGT,OCGT,,,Mortlake,Mortlake,Mortlake,Mortlake,OCGT
51,Somerton,OCGT,VIC,VIC,,Existing,,Gas,Somerton,Somerton,Somerton,OCGT Small,OCGT Small,OCGT Small,OCGT Small,OCGT Small,OCGT Small,OCGT Small,OCGT Small,OCGT,,,Somerton,Somerton,Somerton,Somerton,OCGT
52,Valley Power,OCGT,VIC,VIC,,Existing,,Gas,Valley Power,Valley Power,Valley Power,OCGT Small,OCGT Small,OCGT Small,OCGT Small,OCGT Small,OCGT Small,OCGT Small,OCGT Small,OCGT,,,Valley Power,Valley Power,Valley Power,Valley Power,OCGT
53,Torrens Island B,Gas-powered steam turbine,SA,CSA,,Existing,,Gas,Torrens Island B,Torrens Island B,Torrens Island B,Steam Turbine & CCGT,Steam Turbine & CCGT,Steam Turbine & CCGT,Steam Turbine & CCGT,Steam Turbine & CCGT,Steam Turbine & CCGT,Steam Turbine & CCGT,Steam Turbine & CCGT,Gas-powered steam turbine,,,Torrens Island B,Torrens Island B,Torrens Island B,Torrens Island B,Gas-powered steam turbine
54,Newport,Gas-powered steam turbine,VIC,VIC,,Existing,,Gas,Newport,Newport,Newport,Steam Turbine & CCGT,Steam Turbine & CCGT,Steam Turbine & CCGT,Steam Turbine & CCGT,Steam Turbine & CCGT,Steam Turbine & CCGT,Steam Turbine & CCGT,Steam Turbine & CCGT,Gas-powered steam turbine,,,Newport,Newport,Newport,Newport,Gas-powered steam turbine
55,Angaston,Reciprocating Engine,SA,CSA,,Existing,,Liquid Fuel,Liquid Fuel,Angaston,Angaston,OCGT Small,OCGT Small,OCGT Small,OCGT Small,OCGT Small,OCGT Small,OCGT Small,OCGT Small,Reciprocating Engine,,,Angaston,Angaston,Angaston,Angaston,Liquid Fuel
56,Barker Inlet Power Station,Reciprocating Engine,SA,CSA,,Existing,,Gas,Barker Inlet Power Station,Barker Inlet Power Station,Barker Inlet Power Station,OCGT Small,OCGT Small,OCGT Small,OCGT Small,OCGT Small,OCGT Small,OCGT Small,OCGT Small,Reciprocating Engine,,,Barker Inlet Power Station,Barker Inlet Power Station,Barker Inlet Power Station,Barker Inlet Power Station,OCGT
57,Lonsdale,Reciprocating Engine,SA,CSA,,Existing,,Liquid Fuel,Liquid Fuel,Lonsdale,Lonsdale,OCGT Small,OCGT Small,OCGT Small,OCGT Small,OCGT Small,OCGT Small,OCGT Small,OCGT Small,Reciprocating Engine,,,Lonsdale,Lonsdale,Lonsdale,Lonsdale,Liquid Fuel
58,Port Stanvac 1,Reciprocating Engine,SA,CSA,,Existing,,Liquid Fuel,Liquid Fuel,Port Stanvac 1,Port Stanvac 1,OCGT Small,OCGT Small,OCGT Small,OCGT Small,OCGT Small,OCGT Small,OCGT Small,OCGT Small,Reciprocating Engine,,,Port Stanvac 1,Port Stanvac 1,Port Stanvac 1,Port Stanvac 1,Liquid Fuel
59,Blowering,Hydro,NSW,SNSW,,Existing,,Water,Hydro,Blowering,Blowering,Hydro,Hydro,Hydro,Hydro,Hydro,Hydro,Hydro,Hydro,Hydro,,,All Hydro,All Hydro,,Blowering,Hydro
60,Guthega,Hydro,NSW,SNSW,,Existing,,Water,Hydro,Guthega,Guthega,Hydro,Hydro,Hydro,Hydro,Hydro,Hydro,Hydro,Hydro,Hydro,,,All Hydro,All Hydro,,Guthega,Hydro
61,Hume Dam NSW,Hydro,NSW,SNSW,,Existing,,Water,Hydro,Hume Dam NSW,Hume Dam NSW,Hydro,Hydro,Hydro,Hydro,Hydro,Hydro,Hydro,Hydro,Hydro,,,All Hydro,All Hydro,,Hume Dam NSW,Hydro
62,Shoalhaven,Hydro,NSW,CNSW,,Existing,,Water,Hydro,Shoalhaven,Shoalhaven,Hydro,Hydro,Hydro,Hydro,Hydro,Hydro,Hydro,Hydro,Hydro,,,All Hydro,All Hydro,,Shoalhaven,Hydro
63,Tumut 3,Hydro,NSW,SNSW,,Existing,,Water,Hydro,Tumut 3,Tumut 3,Hydro,Hydro,Hydro,Hydro,Hydro,Hydro,Hydro,Hydro,Hydro,,,All Hydro,All Hydro,,Tumut 3,Hydro
64,Upper Tumut,Hydro,NSW,SNSW,,Existing,,Water,Hydro,Upper Tumut,Upper Tumut,Hydro,Hydro,Hydro,Hydro,Hydro,Hydro,Hydro,Hydro,Hydro,,,All Hydro,All Hydro,,Upper Tumut,Hydro
65,Barron Gorge,Hydro,QLD,NQ,,Existing,,Water,Hydro,Barron Gorge,Barron Gorge,Hydro,Hydro,Hydro,Hydro,Hydro,Hydro,Hydro,Hydro,Hydro,,,All Hydro,All Hydro,,Barron Gorge,Hydro
66,Kareeya,Hydro,QLD,NQ,,Existing,,Water,Hydro,Kareeya,Kareeya,Hydro,Hydro,Hydro,Hydro,Hydro,Hydro,Hydro,Hydro,Hydro,,,All Hydro,All Hydro,,Kareeya,Hydro
67,Wivenhoe,Hydro,QLD,SQ,,Existing,,Water,Hydro,Wivenhoe,Wivenhoe,Hydro,Hydro,Hydro,Hydro,Hydro,Hydro,Hydro,Hydro,Hydro,,,All Hydro,All Hydro,,Wivenhoe,Hydro
68,Bastyan,Hydro,TAS,TAS,,Existing,,Water,Hydro,Bastyan,Bastyan,Hydro,Hydro,Hydro,Hydro,Hydro,Hydro,Hydro,Hydro,Hydro,,,All Hydro,All Hydro,,Bastyan,Hydro
69,Catagunya / Liapootah / Wayatinah,Hydro,TAS,TAS,,Existing,,Water,Hydro,Catagunya / Liapootah / Wayatinah,Catagunya / Liapootah / Wayatinah,Hydro,Hydro,Hydro,Hydro,Hydro,Hydro,Hydro,Hydro,Hydro,,,All Hydro,All Hydro,,Catagunya / Liapootah / Wayatinah,Hydro
70,Cethana,Hydro,TAS,TAS,,Existing,,Water,Hydro,Cethana,Cethana,Hydro,Hydro,Hydro,Hydro,Hydro,Hydro,Hydro,Hydro,Hydro,,,All Hydro,All Hydro,,Cethana,Hydro
71,Devils Gate,Hydro,TAS,TAS,,Existing,,Water,Hydro,Devils Gate,Devils Gate,Hydro,Hydro,Hydro,Hydro,Hydro,Hydro,Hydro,Hydro,Hydro,,,All Hydro,All Hydro,,Devils Gate,Hydro
72,Fisher,Hydro,TAS,TAS,,Existing,,Water,Hydro,Fisher,Fisher,Hydro,Hydro,Hydro,Hydro,Hydro,Hydro,Hydro,Hydro,Hydro,,,All Hydro,All Hydro,,Fisher,Hydro
73,Gordon,Hydro,TAS,TAS,,Existing,,Water,Hydro,Gordon,Gordon,Hydro,Hydro,Hydro,Hydro,Hydro,Hydro,Hydro,Hydro,Hydro,,,All Hydro,All Hydro,,Gordon,Hydro
74,John Butters,Hydro,TAS,TAS,,Existing,,Water,Hydro,John Butters,John Butters,Hydro,Hydro,Hydro,Hydro,Hydro,Hydro,Hydro,Hydro,Hydro,,,All Hydro,All Hydro,,John Butters,Hydro
75,Lake Echo,Hydro,TAS,TAS,,Existing,,Water,Hydro,Lake Echo,Lake Echo,Hydro,Hydro,Hydro,Hydro,Hydro,Hydro,Hydro,Hydro,Hydro,,,All Hydro,All Hydro,,Lake Echo,Hydro
76,Lemonthyme / Wilmot,Hydro,TAS,TAS,,Existing,,Water,Hydro,Lemonthyme / Wilmot,Lemonthyme / Wilmot,Hydro,Hydro,Hydro,Hydro,Hydro,Hydro,Hydro,Hydro,Hydro,,,All Hydro,All Hydro,,Lemonthyme / Wilmot,Hydro
77,Mackintosh,Hydro,TAS,TAS,,Existing,,Water,Hydro,Mackintosh,Mackintosh,Hydro,Hydro,Hydro,Hydro,Hydro,Hydro,Hydro,Hydro,Hydro,,,All Hydro,All Hydro,,Mackintosh,Hydro
78,Meadowbank,Hydro,TAS,TAS,,Existing,,Water,Hydro,Meadowbank,Meadowbank,Hydro,Hydro,Hydro,Hydro,Hydro,Hydro,Hydro,Hydro,Hydro,,,All Hydro,All Hydro,,Meadowbank,Hydro
79,Poatina,Hydro,TAS,TAS,,Existing,,Water,Hydro,Poatina,Poatina,Hydro,Hydro,Hydro,Hydro,Hydro,Hydro,Hydro,Hydro,Hydro,,,All Hydro,All Hydro,,Poatina,Hydro
80,Reece,Hydro,TAS,TAS,,Existing,,Water,Hydro,Reece,Reece,Hydro,Hydro,Hydro,Hydro,Hydro,Hydro,Hydro,Hydro,Hydro,,,All Hydro,All Hydro,,Reece,Hydro
81,Tarraleah,Hydro,TAS,TAS,,Existing,,Water,Hydro,Tarraleah,Tarraleah,Hydro,Hydro,Hydro,Hydro,Hydro,Hydro,Hydro,Hydro,Hydro,,,All Hydro,All Hydro,,Tarraleah,Hydro
82,Trevallyn,Hydro,TAS,TAS,,Existing,,Water,Hydro,Trevallyn,Trevallyn,Hydro,Hydro,Hydro,Hydro,Hydro,Hydro,Hydro,Hydro,Hydro,,,All Hydro,All Hydro,,Trevallyn,Hydro
83,Tribute,Hydro,TAS,TAS,,Existing,,Water,Hydro,Tribute,Tribute,Hydro,Hydro,Hydro,Hydro,Hydro,Hydro,Hydro,Hydro,Hydro,,,All Hydro,All Hydro,,Tribute,Hydro
84,Tungatinah,Hydro,TAS,TAS,,Existing,,Water,Hydro,Tungatinah,Tungatinah,Hydro,Hydro,Hydro,Hydro,Hydro,Hydro,Hydro,Hydro,Hydro,,,All Hydro,All Hydro,,Tungatinah,Hydro
85,Bogong / MacKay,Hydro,VIC,VIC,,Existing,,Water,Hydro,Bogong / Mackay,Bogong / Mackay,Hydro,Hydro,Hydro,Hydro,Hydro,Hydro,Hydro,Hydro,Hydro,,,All Hydro,All Hydro,,Bogong / MacKay,Hydro
86,Dartmouth,Hydro,VIC,VIC,,Existing,,Water,Hydro,Dartmouth,Dartmouth,Hydro,Hydro,Hydro,Hydro,Hydro,Hydro,Hydro,Hydro,Hydro,,,All Hydro,All Hydro,,Dartmouth,Hydro
87,Eildon,Hydro,VIC,VIC,,Existing,,Water,Hydro,Eildon,Eildon,Hydro,Hydro,Hydro,Hydro,Hydro,Hydro,Hydro,Hydro,Hydro,,,All Hydro,All Hydro,,Eildon,Hydro
88,Hume Dam VIC,Hydro,VIC,VIC,,Existing,,Water,Hydro,Hume Dam VIC,Hume Dam VIC,Hydro,Hydro,Hydro,Hydro,Hydro,Hydro,Hydro,Hydro,Hydro,,,All Hydro,All Hydro,,Hume Dam VIC,Hydro
89,Murray 1,Hydro,VIC,VIC,,Existing,,Water,Hydro,Murray 1,Murray 1,Hydro,Hydro,Hydro,Hydro,Hydro,Hydro,Hydro,Hydro,Hydro,,,All Hydro,All Hydro,,Murray 1,Hydro
90,Murray 2,Hydro,VIC,VIC,,Existing,,Water,Hydro,Murray 2,Murray 2,Hydro,Hydro,Hydro,Hydro,Hydro,Hydro,Hydro,Hydro,Hydro,,,All Hydro,All Hydro,,Murray 2,Hydro
91,West Kiewa,Hydro,VIC,VIC,,Existing,,Water,Hydro,West Kiewa,West Kiewa,Hydro,Hydro,Hydro,Hydro,Hydro,Hydro,Hydro,Hydro,Hydro,,,All Hydro,All Hydro,,West Kiewa,Hydro
92,Avonlie Solar Farm,Large scale Solar PV,NSW,SNSW,Wagga Wagga,Existing,,Solar,Solar,Avonlie Solar Farm,Avonlie Solar Farm,Large scale Solar PV,Large scale Solar PV,Large scale Solar PV,Large scale Solar PV,Large scale Solar PV,Large scale Solar PV,Large scale Solar PV,Large scale Solar PV,Large scale Solar PV,,,All Large scale solar PV,All Large scale solar PV,,Avonlie Solar Farm,Solar
93,Beryl Solar Farm,Large scale Solar PV,NSW,CNSW,Central-West Orana,Existing,,Solar,Solar,Beryl Solar Farm,Beryl Solar Farm,Large scale Solar PV,Large scale Solar PV,Large scale Solar PV,Large scale Solar PV,Large scale Solar PV,Large scale Solar PV,Large scale Solar PV,Large scale Solar PV,Large scale Solar PV,,,All Large scale solar PV,All Large scale solar PV,,Beryl Solar Farm,Solar
94,Bomen Solar Farm,Large scale Solar PV,NSW,SNSW,Wagga Wagga,Existing,,Solar,Solar,Bomen Solar Farm,Bomen Solar Farm,Large scale Solar PV,Large scale Solar PV,Large scale Solar PV,Large scale Solar PV,Large scale Solar PV,Large scale Solar PV,Large scale Solar PV,Large scale Solar PV,Large scale Solar PV,,,All Large scale solar PV,All Large scale solar PV,,Bomen Solar Farm,Solar
95,Broken Hill Solar Farm,Large scale Solar PV,NSW,SNSW,Broken Hill,Existing,,Solar,Solar,Broken Hill Solar Plant,Broken Hill Solar Plant,Large scale Solar PV,Large scale Solar PV,Large scale Solar PV,Large scale Solar PV,Large scale Solar PV,Large scale Solar PV,Large scale Solar PV,Large scale Solar PV,Large scale Solar PV,,,All Large scale solar PV,All Large scale solar PV,,Broken Hill Solar Farm,Solar
96,Coleambally Solar Farm,Large scale Solar PV,NSW,SNSW,,Existing,,Solar,Solar,Coleambally Solar Farm,Coleambally Solar Farm,Large scale Solar PV,Large scale Solar PV,Large scale Solar PV,Large scale Solar PV,Large scale Solar PV,Large scale Solar PV,Large scale Solar PV,Large scale Solar PV,Large scale Solar PV,,,All Large scale solar PV,All Large scale solar PV,,Coleambally Solar Farm,Solar
97,Corowa Solar Farm,Large scale Solar PV,NSW,SNSW,South West NSW,Existing,,Solar,Solar,Corowa Solar Farm,Corowa Solar Farm,Large scale Solar PV,Large scale Solar PV,Large scale Solar PV,Large scale Solar PV,Large scale Solar PV,Large scale Solar PV,Large scale Solar PV,Large scale Solar PV,Large scale Solar PV,,,All Large scale solar PV,All Large scale solar PV,,Corowa Solar Farm,Solar
98,Darlington Point Solar Farm,Large scale Solar PV,NSW,SNSW,,Existing,,Solar,Solar,Darlington Point Solar Farm,Darlington Point Solar Farm,Large scale Solar PV,Large scale Solar PV,Large scale Solar PV,Large scale Solar PV,Large scale Solar PV,Large scale Solar PV,Large scale Solar PV,Large scale Solar PV,Large scale Solar PV,,,All Large scale solar PV,All Large scale solar PV,,Darlington Point Solar Farm,Solar
99,Finley Solar Farm,Large scale Solar PV,NSW,SNSW,,Existing,,Solar,Solar,Finley Solar Farm,Finley Solar Farm,Large scale Solar PV,Large scale Solar PV,Large scale Solar PV,Large scale Solar PV,Large scale Solar PV,Large scale Solar PV,Large scale Solar PV,Large scale Solar PV,Large scale Solar PV,,,All Large scale solar PV,All Large scale solar PV,,Finley Solar Farm,Solar
100,Goonumbla Solar Farm,Large scale Solar PV,NSW,CNSW,Central-West Orana,Existing,,Solar,Solar,Goonumbla Solar Farm,Goonumbla Solar Farm,Large scale Solar PV,Large scale Solar PV,Large scale Solar PV,Large scale Solar PV,Large scale Solar PV,Large scale Solar PV,Large scale Solar PV,Large scale Solar PV,Large scale Solar PV,,,All Large scale solar PV,All Large scale solar PV,,Goonumbla Solar Farm,Solar
101,Gullen Range Solar Farm,Large scale Solar PV,NSW,SNSW,,Existing,,Solar,Solar,Gullen Range Solar Farm,Gullen Range Solar Farm,Large scale Solar PV,Large scale Solar PV,Large scale Solar PV,Large scale Solar PV,Large scale Solar PV,Large scale Solar PV,Large scale Solar PV,Large scale Solar PV,Large scale Solar PV,,,All Large scale solar PV,All Large scale solar PV,,Gullen Range Solar Farm,Solar
102,Gunnedah Solar Farm,Large scale Solar PV,NSW,NNSW,North West NSW,Existing,,Solar,Solar,Gunnedah Solar Farm,Gunnedah Solar Farm,Large scale Solar PV,Large scale Solar PV,Large scale Solar PV,Large scale Solar PV,Large scale Solar PV,Large scale Solar PV,Large scale Solar PV,Large scale Solar PV,Large scale Solar PV,,,All Large scale solar PV,All Large scale solar PV,,Gunnedah Solar Farm,Solar
103,Hillston Sun Farm,Large scale Solar PV,NSW,SNSW,,Existing,,Solar,Solar,Hillston Sun Farm,Hillston Sun Farm,Large scale Solar PV,Large scale Solar PV,Large scale Solar PV,Large scale Solar PV,Large scale Solar PV,Large scale Solar PV,Large scale Solar PV,Large scale Solar PV,Large scale Solar PV,,,All Large scale solar PV,All Large scale solar PV,,Hillston Sun Farm,Solar
104,Jemalong Solar,Large scale Solar PV,NSW,CNSW,,Existing,,Solar,Solar,Jemalong Solar,Jemalong Solar,Large scale Solar PV,Large scale Solar PV,Large scale Solar PV,Large scale Solar PV,Large scale Solar PV,Large scale Solar PV,Large scale Solar PV,Large scale Solar PV,Large scale Solar PV,,,All Large scale solar PV,All Large scale solar PV,,Jemalong Solar,Solar
105,Junee Solar Farm,Large scale Solar PV,NSW,SNSW,Wagga Wagga,Existing,,Solar,Solar,Junee Solar Farm,Junee Solar Farm,Large scale Solar PV,Large scale Solar PV,Large scale Solar PV,Large scale Solar PV,Large scale Solar PV,Large scale Solar PV,Large scale Solar PV,Large scale Solar PV,Large scale Solar PV,,,All Large scale solar PV,All Large scale solar PV,,Junee Solar Farm,Solar
106,Limondale Solar Farm 1,Large scale Solar PV,NSW,SNSW,South West NSW,Existing,,Solar,Solar,Limondale Solar Farm 1,Limondale Solar Farm 1,Large scale Solar PV,Large scale Solar PV,Large scale Solar PV,Large scale Solar PV,Large scale Solar PV,Large scale Solar PV,Large scale Solar PV,Large scale Solar PV,Large scale Solar PV,,,All Large scale solar PV,All Large scale solar PV,,Limondale Solar Farm 1,Solar
107,Limondale Solar Farm 2,Large scale Solar PV,NSW,SNSW,South West NSW,Existing,,Solar,Solar,Limondale Solar Farm 2,Limondale Solar Farm 2,Large scale Solar PV,Large scale Solar PV,Large scale Solar PV,Large scale Solar PV,Large scale Solar PV,Large scale Solar PV,Large scale Solar PV,Large scale Solar PV,Large scale Solar PV,,,All Large scale solar PV,All Large scale solar PV,,Limondale Solar Farm 2,Solar
108,Manildra Solar Farm,Large scale Solar PV,NSW,CNSW,Central-West Orana,Existing,,Solar,Solar,Manildra Solar Farm,Manildra Solar Farm,Large scale Solar PV,Large scale Solar PV,Large scale Solar PV,Large scale Solar PV,Large scale Solar PV,Large scale Solar PV,Large scale Solar PV,Large scale Solar PV,Large scale Solar PV,,,All Large scale solar PV,All Large scale solar PV,,Manildra Solar Farm,Solar
109,Molong Solar Farm,Large scale Solar PV,NSW,CNSW,Central-West Orana,Existing,,Solar,Solar,Molong Solar Farm,Molong Solar Farm,Large scale Solar PV,Large scale Solar PV,Large scale Solar PV,Large scale Solar PV,Large scale Solar PV,Large scale Solar PV,Large scale Solar PV,Large scale Solar PV,Large scale Solar PV,,,All Large scale solar PV,All Large scale solar PV,,Molong Solar Farm,Solar
110,Moree Solar Farm,Large scale Solar PV,NSW,NNSW,North West NSW,Existing,,Solar,Solar,Moree Solar Farm,Moree Solar Farm,Large scale Solar PV,Large scale Solar PV,Large scale Solar PV,Large scale Solar PV,Large scale Solar PV,Large scale Solar PV,Large scale Solar PV,Large scale Solar PV,Large scale Solar PV,,,All Large scale solar PV,All Large scale solar PV,,Moree Solar Farm,Solar
111,Nevertire Solar Farm,Large scale Solar PV,NSW,CNSW,Central-West Orana,Existing,,Solar,Solar,Nevertire Solar Farm,Nevertire Solar Farm,Large scale Solar PV,Large scale Solar PV,Large scale Solar PV,Large scale Solar PV,Large scale Solar PV,Large scale Solar PV,Large scale Solar PV,Large scale Solar PV,Large scale Solar PV,,,All Large scale solar PV,All Large scale solar PV,,Nevertire Solar Farm,Solar
112,New England Solar Farm,Large scale Solar PV,NSW,NNSW,New England,Existing,,Solar,Solar,New England Solar Farm,New England Solar Farm,Large scale Solar PV,Large scale Solar PV,Large scale Solar PV,Large scale Solar PV,Large scale Solar PV,Large scale Solar PV,Large scale Solar PV,Large scale Solar PV,Large scale Solar PV,,,All Large scale solar PV,All Large scale solar PV,,New England Solar Farm,Solar
113,Nyngan Solar Plant,Large scale Solar PV,NSW,CNSW,Central-West Orana,Existing,,Solar,Solar,Nyngan Solar Plant,Nyngan Solar Plant,Large scale Solar PV,Large scale Solar PV,Large scale Solar PV,Large scale Solar PV,Large scale Solar PV,Large scale Solar PV,Large scale Solar PV,Large scale Solar PV,Large scale Solar PV,,,All Large scale solar PV,All Large scale solar PV,,Nyngan Solar Plant,Solar
114,Parkes Solar Farm,Large scale Solar PV,NSW,CNSW,,Existing,,Solar,Solar,Parkes Solar Farm,Parkes Solar Farm,Large scale Solar PV,Large scale Solar PV,Large scale Solar PV,Large scale Solar PV,Large scale Solar PV,Large scale Solar PV,Large scale Solar PV,Large scale Solar PV,Large scale Solar PV,,,All Large scale solar PV,All Large scale solar PV,,Parkes Solar Farm,Solar
115,Sunraysia Solar Farm,Large scale Solar PV,NSW,SNSW,South West NSW,Existing,,Solar,Solar,Sunraysia Solar Farm,Sunraysia Solar Farm,Large scale Solar PV,Large scale Solar PV,Large scale Solar PV,Large scale Solar PV,Large scale Solar PV,Large scale Solar PV,Large scale Solar PV,Large scale Solar PV,Large scale Solar PV,,,All Large scale solar PV,All Large scale solar PV,,Sunraysia Solar Farm,Solar
116,Suntop Solar Farm,Large scale Solar PV,NSW,CNSW,Central-West Orana,Existing,,Solar,Solar,Suntop Solar Farm,Suntop Solar Farm,Large scale Solar PV,Large scale Solar PV,Large scale Solar PV,Large scale Solar PV,Large scale Solar PV,Large scale Solar PV,Large scale Solar PV,Large scale Solar PV,Large scale Solar PV,,,All Large scale solar PV,All Large scale solar PV,,Suntop Solar Farm,Solar
117,Wagga North Solar Farm,Large scale Solar PV,NSW,SNSW,Wagga Wagga,Existing,,Solar,Solar,Wagga North Solar Farm,Wagga North Solar Farm,Large scale Solar PV,Large scale Solar PV,Large scale Solar PV,Large scale Solar PV,Large scale Solar PV,Large scale Solar PV,Large scale Solar PV,Large scale Solar PV,Large scale Solar PV,,,All Large scale solar PV,All Large scale solar PV,,Wagga North Solar Farm,Solar
118,Wellington Solar Farm,Large scale Solar PV,NSW,CNSW,Central-West Orana,Existing,,Solar,Solar,Wellington Solar Farm,Wellington Solar Farm,Large scale Solar PV,Large scale Solar PV,Large scale Solar PV,Large scale Solar PV,Large scale Solar PV,Large scale Solar PV,Large scale Solar PV,Large scale Solar PV,Large scale Solar PV,,,All Large scale solar PV,All Large scale solar PV,,Wellington Solar Farm,Solar
119,West Wyalong Solar Farm,Large scale Solar PV,NSW,SNSW,,Existing,,Solar,Solar,West Wyalong Solar Farm,West Wyalong Solar Farm,Large scale Solar PV,Large scale Solar PV,Large scale Solar PV,Large scale Solar PV,Large scale Solar PV,Large scale Solar PV,Large scale Solar PV,Large scale Solar PV,Large scale Solar PV,,,All Large scale solar PV,All Large scale solar PV,,West Wyalong Solar Farm,Solar
120,White Rock Solar Farm,Large scale Solar PV,NSW,NNSW,New England,Existing,,Solar,Solar,White Rock Solar Farm,White Rock Solar Farm,Large scale Solar PV,Large scale Solar PV,Large scale Solar PV,Large scale Solar PV,Large scale Solar PV,Large scale Solar PV,Large scale Solar PV,Large scale Solar PV,Large scale Solar PV,,,All Large scale solar PV,All Large scale solar PV,,White Rock Solar Farm,Solar
121,Bluegrass Solar Farm,Large scale Solar PV,QLD,SQ,Darling Downs,Existing,,Solar,Solar,Bluegrass Solar Farm,Bluegrass Solar Farm,Large scale Solar PV,Large scale Solar PV,Large scale Solar PV,Large scale Solar PV,Large scale Solar PV,Large scale Solar PV,Large scale Solar PV,Large scale Solar PV,Large scale Solar PV,,,All Large scale solar PV,All Large scale solar PV,,Bluegrass Solar Farm,Solar
122,Childers Solar Farm,Large scale Solar PV,QLD,SQ,Wide Bay,Existing,,Solar,Solar,Childers Solar Farm,Childers Solar Farm,Large scale Solar PV,Large scale Solar PV,Large scale Solar PV,Large scale Solar PV,Large scale Solar PV,Large scale Solar PV,Large scale Solar PV,Large scale Solar PV,Large scale Solar PV,,,All Large scale solar PV,All Large scale solar PV,,Childers Solar Farm,Solar
123,Clare Solar Farm,Large scale Solar PV,QLD,NQ,Northern Qld,Existing,,Solar,Solar,Clare Solar Farm,Clare Solar Farm,Large scale Solar PV,Large scale Solar PV,Large scale Solar PV,Large scale Solar PV,Large scale Solar PV,Large scale Solar PV,Large scale Solar PV,Large scale Solar PV,Large scale Solar PV,,,All Large scale solar PV,All Large scale solar PV,,Clare Solar Farm,Solar
124,Clermont Solar Farm,Large scale Solar PV,QLD,CQ,Isaac,Existing,,Solar,Solar,Clermont Solar Farm,Clermont Solar Farm,Large scale Solar PV,Large scale Solar PV,Large scale Solar PV,Large scale Solar PV,Large scale Solar PV,Large scale Solar PV,Large scale Solar PV,Large scale Solar PV,Large scale Solar PV,,,All Large scale solar PV,All Large scale solar PV,,Clermont Solar Farm,Solar
125,Collinsville Solar Farm,Large scale Solar PV,QLD,CQ,Isaac,Existing,,Solar,Solar,Collinsville PV,Collinsville PV,Large scale Solar PV,Large scale Solar PV,Large scale Solar PV,Large scale Solar PV,Large scale Solar PV,Large scale Solar PV,Large scale Solar PV,Large scale Solar PV,Large scale Solar PV,,,All Large scale solar PV,All Large scale solar PV,,Collinsville Solar Farm,Solar
126,Columboola Solar Farm,Large scale Solar PV,QLD,SQ,Darling Downs,Existing,,Solar,Solar,Columboola Solar Farm,Columboola Solar Farm,Large scale Solar PV,Large scale Solar PV,Large scale Solar PV,Large scale Solar PV,Large scale Solar PV,Large scale Solar PV,Large scale Solar PV,Large scale Solar PV,Large scale Solar PV,,,All Large scale solar PV,All Large scale solar PV,,Columboola Solar Farm,Solar
127,Darling Downs Solar Farm,Large scale Solar PV,QLD,SQ,Darling Downs,Existing,,Solar,Solar,Darling Downs Solar Farm,Darling Downs Solar Farm,Large scale Solar PV,Large scale Solar PV,Large scale Solar PV,Large scale Solar PV,Large scale Solar PV,Large scale Solar PV,Large scale Solar PV,Large scale Solar PV,Large scale Solar PV,,,All Large scale solar PV,All Large scale solar PV,,Darling Downs Solar Farm,Solar
128,Daydream Solar Farm,Large scale Solar PV,QLD,CQ,Isaac,Existing,,Solar,Solar,Daydream Solar Farm,Daydream Solar Farm,Large scale Solar PV,Large scale Solar PV,Large scale Solar PV,Large scale Solar PV,Large scale Solar PV,Large scale Solar PV,Large scale Solar PV,Large scale Solar PV,Large scale Solar PV,,,All Large scale solar PV,All Large scale solar PV,,Daydream Solar Farm,Solar
129,Edenvale Solar Park,Large scale Solar PV,QLD,SQ,Darling Downs,Existing,,Solar,Solar,Edenvale Solar Park,Edenvale Solar Park,Large scale Solar PV,Large scale Solar PV,Large scale Solar PV,Large scale Solar PV,Large scale Solar PV,Large scale Solar PV,Large scale Solar PV,Large scale Solar PV,Large scale Solar PV,,,All Large scale solar PV,All Large scale solar PV,,Edenvale Solar Park,Solar
130,Emerald Solar Farm,Large scale Solar PV,QLD,CQ,,Existing,,Solar,Solar,Emerald Solar Park,Emerald Solar Park,Large scale Solar PV,Large scale Solar PV,Large scale Solar PV,Large scale Solar PV,Large scale Solar PV,Large scale Solar PV,Large scale Solar PV,Large scale Solar PV,Large scale Solar PV,,,All Large scale solar PV,All Large scale solar PV,,Emerald Solar Farm,Solar
131,Gangarri Solar Farm,Large scale Solar PV,QLD,SQ,Darling Downs,Existing,,Solar,Solar,Gangarri Solar Farm,Gangarri Solar Farm,Large scale Solar PV,Large scale Solar PV,Large scale Solar PV,Large scale Solar PV,Large scale Solar PV,Large scale Solar PV,Large scale Solar PV,Large scale Solar PV,Large scale Solar PV,,,All Large scale solar PV,All Large scale solar PV,,Gangarri Solar Farm,Solar
132,Hamilton Solar Farm,Large scale Solar PV,QLD,CQ,Isaac,Existing,,Solar,Solar,Hamilton Solar Farm,Hamilton Solar Farm,Large scale Solar PV,Large scale Solar PV,Large scale Solar PV,Large scale Solar PV,Large scale Solar PV,Large scale Solar PV,Large scale Solar PV,Large scale Solar PV,Large scale Solar PV,,,All Large scale solar PV,All Large scale solar PV,,Hamilton Solar Farm,Solar
133,Haughton Solar Farm,Large scale Solar PV,QLD,NQ,Northern Qld,Existing,,Solar,Solar,Haughton Solar Farm,Haughton Solar Farm,Large scale Solar PV,Large scale Solar PV,Large scale Solar PV,Large scale Solar PV,Large scale Solar PV,Large scale Solar PV,Large scale Solar PV,Large scale Solar PV,Large scale Solar PV,,,All Large scale solar PV,All Large scale solar PV,,Haughton Solar Farm,Solar
134,Hayman Solar Farm,Large scale Solar PV,QLD,CQ,Isaac,Existing,,Solar,Solar,Hayman Solar Farm,Hayman Solar Farm,Large scale Solar PV,Large scale Solar PV,Large scale Solar PV,Large scale Solar PV,Large scale Solar PV,Large scale Solar PV,Large scale Solar PV,Large scale Solar PV,Large scale Solar PV,,,All Large scale solar PV,All Large scale solar PV,,Hayman Solar Farm,Solar
135,Hughenden Solar Farm,Large scale Solar PV,QLD,NQ,North Qld Clean Energy Hub,Existing,,Solar,Solar,Hughenden Solar Farm,Hughenden Solar Farm,Large scale Solar PV,Large scale Solar PV,Large scale Solar PV,Large scale Solar PV,Large scale Solar PV,Large scale Solar PV,Large scale Solar PV,Large scale Solar PV,Large scale Solar PV,,,All Large scale solar PV,All Large scale solar PV,,Hughenden Solar Farm,Solar
136,Kennedy Energy Park Solar Farm,Large scale Solar PV,QLD,NQ,North Qld Clean Energy Hub,Existing,,Solar,Solar,Kennedy Energy Park Solar Farm,Kennedy Energy Park Solar Farm,Large scale Solar PV,Large scale Solar PV,Large scale Solar PV,Large scale Solar PV,Large scale Solar PV,Large scale Solar PV,Large scale Solar PV,Large scale Solar PV,Large scale Solar PV,,,All Large scale solar PV,All Large scale solar PV,,Kennedy Energy Park Solar Farm,Solar
137,Kidston Solar Farm,Large scale Solar PV,QLD,NQ,North Qld Clean Energy Hub,Existing,,Solar,Solar,Kidston Solar Project Phase One 50MW,Kidston Solar Project Phase One 50MW,Large scale Solar PV,Large scale Solar PV,Large scale Solar PV,Large scale Solar PV,Large scale Solar PV,Large scale Solar PV,Large scale Solar PV,Large scale Solar PV,Large scale Solar PV,,,All Large scale solar PV,All Large scale solar PV,,Kidston Solar Farm,Solar
138,Lilyvale Solar Farm,Large scale Solar PV,QLD,CQ,Isaac,Existing,,Solar,Solar,Lilyvale Solar Farm,Lilyvale Solar Farm,Large scale Solar PV,Large scale Solar PV,Large scale Solar PV,Large scale Solar PV,Large scale Solar PV,Large scale Solar PV,Large scale Solar PV,Large scale Solar PV,Large scale Solar PV,,,All Large scale solar PV,All Large scale solar PV,,Lilyvale Solar Farm,Solar
139,Longreach Solar Farm,Large scale Solar PV,QLD,CQ,Barcaldine,Existing,,Solar,Solar,Longreach Solar Farm,Longreach Solar Farm,Large scale Solar PV,Large scale Solar PV,Large scale Solar PV,Large scale Solar PV,Large scale Solar PV,Large scale Solar PV,Large scale Solar PV,Large scale Solar PV,Large scale Solar PV,,,All Large scale solar PV,All Large scale solar PV,,Longreach Solar Farm,Solar
140,Maryrorough Solar Farm,Large scale Solar PV,QLD,SQ,Darling Downs,Existing,,Solar,Solar,Maryrorough Solar Farm,Maryrorough Solar Farm,Large scale Solar PV,Large scale Solar PV,Large scale Solar PV,Large scale Solar PV,Large scale Solar PV,Large scale Solar PV,Large scale Solar PV,Large scale Solar PV,Large scale Solar PV,,,All Large scale solar PV,All Large scale solar PV,,Maryrorough Solar Farm,Solar
141,Middlemount Solar Farm,Large scale Solar PV,QLD,CQ,Isaac,Existing,,Solar,Solar,Middlemount Sun Farm,Middlemount Sun Farm,Large scale Solar PV,Large scale Solar PV,Large scale Solar PV,Large scale Solar PV,Large scale Solar PV,Large scale Solar PV,Large scale Solar PV,Large scale Solar PV,Large scale Solar PV,,,All Large scale solar PV,All Large scale solar PV,,Middlemount Solar Farm,Solar
142,Moura Solar Farm,Large scale Solar PV,QLD,CQ,Fitzroy,Existing,,Solar,Solar,Moura Solar Farm,Moura Solar Farm,Large scale Solar PV,Large scale Solar PV,Large scale Solar PV,Large scale Solar PV,Large scale Solar PV,Large scale Solar PV,Large scale Solar PV,Large scale Solar PV,Large scale Solar PV,,,All Large scale solar PV,All Large scale solar PV,,Moura Solar Farm,Solar
143,Oakey 1 Solar Farm,Large scale Solar PV,QLD,SQ,Darling Downs,Existing,,Solar,Solar,Oakey 1 Solar Farm,Oakey 1 Solar Farm,Large scale Solar PV,Large scale Solar PV,Large scale Solar PV,Large scale Solar PV,Large scale Solar PV,Large scale Solar PV,Large scale Solar PV,Large scale Solar PV,Large scale Solar PV,,,All Large scale solar PV,All Large scale solar PV,,Oakey 1 Solar Farm,Solar
144,Oakey 2 Solar Farm,Large scale Solar PV,QLD,SQ,Darling Downs,Existing,,Solar,Solar,Oakey 2 Solar Farm,Oakey 2 Solar Farm,Large scale Solar PV,Large scale Solar PV,Large scale Solar PV,Large scale Solar PV,Large scale Solar PV,Large scale Solar PV,Large scale Solar PV,Large scale Solar PV,Large scale Solar PV,,,All Large scale solar PV,All Large scale solar PV,,Oakey 2 Solar Farm,Solar
145,Ross River Solar Farm,Large scale Solar PV,QLD,NQ,Northern Qld,Existing,,Solar,Solar,Ross River Solar Farm,Ross River Solar Farm,Large scale Solar PV,Large scale Solar PV,Large scale Solar PV,Large scale Solar PV,Large scale Solar PV,Large scale Solar PV,Large scale Solar PV,Large scale Solar PV,Large scale Solar PV,,,All Large scale solar PV,All Large scale solar PV,,Ross River Solar Farm,Solar
146,Rugby Run Solar Farm,Large scale Solar PV,QLD,CQ,Isaac,Existing,,Solar,Solar,Rugby Run Solar Farm,Rugby Run Solar Farm,Large scale Solar PV,Large scale Solar PV,Large scale Solar PV,Large scale Solar PV,Large scale Solar PV,Large scale Solar PV,Large scale Solar PV,Large scale Solar PV,Large scale Solar PV,,,All Large scale solar PV,All Large scale solar PV,,Rugby Run Solar Farm,Solar
147,Sun Metals Corporation Solar Farm,Large scale Solar PV,QLD,NQ,Northern Qld,Existing,,Solar,Solar,Sun Metals Corporation Solar Farm,Sun Metals Corporation Solar Farm,Large scale Solar PV,Large scale Solar PV,Large scale Solar PV,Large scale Solar PV,Large scale Solar PV,Large scale Solar PV,Large scale Solar PV,Large scale Solar PV,Large scale Solar PV,,,All Large scale solar PV,All Large scale solar PV,,Sun Metals Corporation Solar Farm,Solar
148,Susan River Solar Farm,Large scale Solar PV,QLD,SQ,Wide Bay,Existing,,Solar,Solar,Susan River Solar Farm,Susan River Solar Farm,Large scale Solar PV,Large scale Solar PV,Large scale Solar PV,Large scale Solar PV,Large scale Solar PV,Large scale Solar PV,Large scale Solar PV,Large scale Solar PV,Large scale Solar PV,,,All Large scale solar PV,All Large scale solar PV,,Susan River Solar Farm,Solar
149,Warwick Solar Farm,Large scale Solar PV,QLD,SQ,Darling Downs,Existing,,Solar,Solar,Warwick Solar Farm,Warwick Solar Farm,Large scale Solar PV,Large scale Solar PV,Large scale Solar PV,Large scale Solar PV,Large scale Solar PV,Large scale Solar PV,Large scale Solar PV,Large scale Solar PV,Large scale Solar PV,,,All Large scale solar PV,All Large scale solar PV,,Warwick Solar Farm,Solar
150,Western Downs Green Power Hub,Large scale Solar PV,QLD,SQ,Darling Downs,Existing,,Solar,Solar,Western Downs Green Power Hub,Western Downs Green Power Hub,Large scale Solar PV,Large scale Solar PV,Large scale Solar PV,Large scale Solar PV,Large scale Solar PV,Large scale Solar PV,Large scale Solar PV,Large scale Solar PV,Large scale Solar PV,,,All Large scale solar PV,All Large scale solar PV,,Western Downs Green Power Hub,Solar
151,Whitsunday Solar Farm,Large scale Solar PV,QLD,CQ,Isaac,Existing,,Solar,Solar,Whitsunday Solar Farm,Whitsunday Solar Farm,Large scale Solar PV,Large scale Solar PV,Large scale Solar PV,Large scale Solar PV,Large scale Solar PV,Large scale Solar PV,Large scale Solar PV,Large scale Solar PV,Large scale Solar PV,,,All Large scale solar PV,All Large scale solar PV,,Whitsunday Solar Farm,Solar
152,Yarranlea Solar Farm,Large scale Solar PV,QLD,SQ,Darling Downs,Existing,,Solar,Solar,Yarranlea Solar Farm,Yarranlea Solar Farm,Large scale Solar PV,Large scale Solar PV,Large scale Solar PV,Large scale Solar PV,Large scale Solar PV,Large scale Solar PV,Large scale Solar PV,Large scale Solar PV,Large scale Solar PV,,,All Large scale solar PV,All Large scale solar PV,,Yarranlea Solar Farm,Solar
153,Adelaide Desalination Plant Solar Farm,Large scale Solar PV,SA,CSA,,Existing,,Solar,Solar,Adelaide Desalination Plant,Adelaide Desalination Plant,Large scale Solar PV,Large scale Solar PV,Large scale Solar PV,Large scale Solar PV,Large scale Solar PV,Large scale Solar PV,Large scale Solar PV,Large scale Solar PV,Large scale Solar PV,,,All Large scale solar PV,All Large scale solar PV,,Adelaide Desalination Plant Solar Farm,Solar
154,Bolivar Waste Water Treatment Solar Farm,Large scale Solar PV,SA,CSA,,Existing,,Solar,Solar,Bolivar Waste Water Treatment,Bolivar Waste Water Treatment,Large scale Solar PV,Large scale Solar PV,Large scale Solar PV,Large scale Solar PV,Large scale Solar PV,Large scale Solar PV,Large scale Solar PV,Large scale Solar PV,Large scale Solar PV,,,All Large scale solar PV,All Large scale solar PV,,Bolivar Waste Water Treatment Solar Farm,Solar
155,Bungala One Solar Farm,Large scale Solar PV,SA,CSA,Northern SA,Existing,,Solar,Solar,Bungala One Solar Farm,Bungala One Solar Farm,Large scale Solar PV,Large scale Solar PV,Large scale Solar PV,Large scale Solar PV,Large scale Solar PV,Large scale Solar PV,Large scale Solar PV,Large scale Solar PV,Large scale Solar PV,,,All Large scale solar PV,All Large scale solar PV,,Bungala One Solar Farm,Solar
156,Bungala Two Solar Farm,Large scale Solar PV,SA,CSA,Northern SA,Existing,,Solar,Solar,Bungala Two Solar Farm,Bungala Two Solar Farm,Large scale Solar PV,Large scale Solar PV,Large scale Solar PV,Large scale Solar PV,Large scale Solar PV,Large scale Solar PV,Large scale Solar PV,Large scale Solar PV,Large scale Solar PV,,,All Large scale solar PV,All Large scale solar PV,,Bungala Two Solar Farm,Solar
157,Happy Valley Reservoir,Large scale Solar PV,SA,CSA,,Existing,,Solar,Solar,Happy Valley Reservoir,Happy Valley Reservoir,Large scale Solar PV,Large scale Solar PV,Large scale Solar PV,Large scale Solar PV,Large scale Solar PV,Large scale Solar PV,Large scale Solar PV,Large scale Solar PV,Large scale Solar PV,,,All Large scale solar PV,All Large scale solar PV,,Happy Valley Reservoir,Solar
158,Mannum Adelaide Pumping Station No 2 - MAPL2 (Palmer),Large scale Solar PV,SA,SESA,South East SA,Existing,,Solar,Solar,Mannum Adelaide Pumping Station No 2 - MAPL2 (Palmer),Mannum Adelaide Pumping Station No 2 - MAPL2 (Palmer),Large scale Solar PV,Large scale Solar PV,Large scale Solar PV,Large scale Solar PV,Large scale Solar PV,Large scale Solar PV,Large scale Solar PV,Large scale Solar PV,Large scale Solar PV,,,All Large scale solar PV,All Large scale solar PV,,Mannum Adelaide Pumping Station No 2 - MAPL2 (Palmer),Solar
159,Mannum Adelaide Pumping Station No 3 - MAPL3 (Tungkillo),Large scale Solar PV,SA,SESA,South East SA,Existing,,Solar,Solar,Mannum Adelaide Pumping Station No 3 - MAPL3 (Kanmantoo),Mannum Adelaide Pumping Station No 3 - MAPL3 (Kanmantoo),Large scale Solar PV,Large scale Solar PV,Large scale Solar PV,Large scale Solar PV,Large scale Solar PV,Large scale Solar PV,Large scale Solar PV,Large scale Solar PV,Large scale Solar PV,,,All Large scale solar PV,All Large scale solar PV,,Mannum Adelaide Pumping Station No 3 - MAPL3 (Tungkillo),Solar
160,Morgan To Whyalla Pipeline No 1 PS And Water Filtration Plant,Large scale Solar PV,SA,CSA,Riverland,Existing,,Solar,Solar,Morgan To Whyalla Pipeline No 1 PS And Water Filtration Plant,Morgan To Whyalla Pipeline No 1 PS And Water Filtration Plant,Large scale Solar PV,Large scale Solar PV,Large scale Solar PV,Large scale Solar PV,Large scale Solar PV,Large scale Solar PV,Large scale Solar PV,Large scale Solar PV,Large scale Solar PV,,,All Large scale solar PV,All Large scale solar PV,,Morgan To Whyalla Pipeline No 1 PS And Water Filtration Plant,Solar
161,Morgan To Whyalla Pipeline No 2 PS,Large scale Solar PV,SA,CSA,Riverland,Existing,,Solar,Solar,Morgan To Whyalla Pipeline No 2 PS,Morgan To Whyalla Pipeline No 2 PS,Large scale Solar PV,Large scale Solar PV,Large scale Solar PV,Large scale Solar PV,Large scale Solar PV,Large scale Solar PV,Large scale Solar PV,Large scale Solar PV,Large scale Solar PV,,,All Large scale solar PV,All Large scale solar PV,,Morgan To Whyalla Pipeline No 2 PS,Solar
162,Morgan To Whyalla Pipeline No 3 PS,Large scale Solar PV,SA,CSA,Riverland,Existing,,Solar,Solar,Morgan To Whyalla Pipeline No 3 PS,Morgan To Whyalla Pipeline No 3 PS,Large scale Solar PV,Large scale Solar PV,Large scale Solar PV,Large scale Solar PV,Large scale Solar PV,Large scale Solar PV,Large scale Solar PV,Large scale Solar PV,Large scale Solar PV,,,All Large scale solar PV,All Large scale solar PV,,Morgan To Whyalla Pipeline No 3 PS,Solar
163,Morgan To Whyalla Pipeline No 4 PS,Large scale Solar PV,SA,CSA,Riverland,Existing,,Solar,Solar,Morgan To Whyalla Pipeline No 4 PS,Morgan To Whyalla Pipeline No 4 PS,Large scale Solar PV,Large scale Solar PV,Large scale Solar PV,Large scale Solar PV,Large scale Solar PV,Large scale Solar PV,Large scale Solar PV,Large scale Solar PV,Large scale Solar PV,,,All Large scale solar PV,All Large scale solar PV,,Morgan To Whyalla Pipeline No 4 PS,Solar
164,Murray Bridge - Onkaparinga Pipeline Pump 2,Large scale Solar PV,SA,SESA,South East SA,Existing,,Solar,Solar,Murray Bridge - Onkaparinga Pipeline Pump 2,Murray Bridge - Onkaparinga Pipeline Pump 2,Large scale Solar PV,Large scale Solar PV,Large scale Solar PV,Large scale Solar PV,Large scale Solar PV,Large scale Solar PV,Large scale Solar PV,Large scale Solar PV,Large scale Solar PV,,,All Large scale solar PV,All Large scale solar PV,,Murray Bridge - Onkaparinga Pipeline Pump 2,Solar
165,Port Augusta Renewable Energy Park - Solar,Large scale Solar PV,SA,CSA,Northern SA,Existing,,Solar,Solar,Port Augusta Renewable Energy Park - Solar,Port Augusta Renewable Energy Park - Solar,Large scale Solar PV,Large scale Solar PV,Large scale Solar PV,Large scale Solar PV,Large scale Solar PV,Large scale Solar PV,Large scale Solar PV,Large scale Solar PV,Large scale Solar PV,,,All Large scale solar PV,All Large scale solar PV,,Port Augusta Renewable Energy Park - Solar,Solar
166,Tailem Bend Solar Farm,Large scale Solar PV,SA,CSA,,Existing,,Solar,Solar,Tailem Bend Solar Farm,Tailem Bend Solar Farm,Large scale Solar PV,Large scale Solar PV,Large scale Solar PV,Large scale Solar PV,Large scale Solar PV,Large scale Solar PV,Large scale Solar PV,Large scale Solar PV,Large scale Solar PV,,,All Large scale solar PV,All Large scale solar PV,,Tailem Bend Solar Farm,Solar
167,Tailem Bend Solar Farm - stage 2,Large scale Solar PV,SA,CSA,,Existing,,Solar,Solar,Tailem Bend Solar Farm - stage 2,Tailem Bend Solar Farm - stage 2,Large scale Solar PV,Large scale Solar PV,Large scale Solar PV,Large scale Solar PV,Large scale Solar PV,Large scale Solar PV,Large scale Solar PV,Large scale Solar PV,Large scale Solar PV,,,All Large scale solar PV,All Large scale solar PV,,Tailem Bend Solar Farm - stage 2,Solar
168,Bannerton Solar Park,Large scale Solar PV,VIC,VIC,Murray River,Existing,,Solar,Solar,Bannerton Solar Park,Bannerton Solar Park,Large scale Solar PV,Large scale Solar PV,Large scale Solar PV,Large scale Solar PV,Large scale Solar PV,Large scale Solar PV,Large scale Solar PV,Large scale Solar PV,Large scale Solar PV,,,All Large scale solar PV,All Large scale solar PV,,Bannerton Solar Park,Solar
169,Cohuna Solar Farm,Large scale Solar PV,VIC,VIC,Murray River,Existing,,Solar,Solar,Cohuna Solar Farm,Cohuna Solar Farm,Large scale Solar PV,Large scale Solar PV,Large scale Solar PV,Large scale Solar PV,Large scale Solar PV,Large scale Solar PV,Large scale Solar PV,Large scale Solar PV,Large scale Solar PV,,,All Large scale solar PV,All Large scale solar PV,,Cohuna Solar Farm,Solar
170,Gannawarra Solar Farm,Large scale Solar PV,VIC,VIC,Murray River,Existing,,Solar,Solar,Gannawarra Solar Farm,Gannawarra Solar Farm,Large scale Solar PV,Large scale Solar PV,Large scale Solar PV,Large scale Solar PV,Large scale Solar PV,Large scale Solar PV,Large scale Solar PV,Large scale Solar PV,Large scale Solar PV,,,All Large scale solar PV,All Large scale solar PV,,Gannawarra Solar Farm,Solar
171,Glenrowan West Solar Farm,Large scale Solar PV,VIC,VIC,Central North Vic,Existing,,Solar,Solar,Glenrowan West Sun Farm,Glenrowan West Sun Farm,Large scale Solar PV,Large scale Solar PV,Large scale Solar PV,Large scale Solar PV,Large scale Solar PV,Large scale Solar PV,Large scale Solar PV,Large scale Solar PV,Large scale Solar PV,,,All Large scale solar PV,All Large scale solar PV,,Glenrowan West Solar Farm,Solar
172,Karadoc Solar Farm,Large scale Solar PV,VIC,VIC,Murray River,Existing,,Solar,Solar,Karadoc Solar Farm,Karadoc Solar Farm,Large scale Solar PV,Large scale Solar PV,Large scale Solar PV,Large scale Solar PV,Large scale Solar PV,Large scale Solar PV,Large scale Solar PV,Large scale Solar PV,Large scale Solar PV,,,All Large scale solar PV,All Large scale solar PV,,Karadoc Solar Farm,Solar
173,Kiamal Solar Farm stage 1,Large scale Solar PV,VIC,VIC,Murray River,Existing,,Solar,Solar,Kiamal Solar Farm stage 1,Kiamal Solar Farm stage 1,Large scale Solar PV,Large scale Solar PV,Large scale Solar PV,Large scale Solar PV,Large scale Solar PV,Large scale Solar PV,Large scale Solar PV,Large scale Solar PV,Large scale Solar PV,,,All Large scale solar PV,All Large scale solar PV,,Kiamal Solar Farm stage 1,Solar
174,Numurkah Solar Farm,Large scale Solar PV,VIC,VIC,Central North Vic,Existing,,Solar,Solar,Numurkah Solar Farm,Numurkah Solar Farm,Large scale Solar PV,Large scale Solar PV,Large scale Solar PV,Large scale Solar PV,Large scale Solar PV,Large scale Solar PV,Large scale Solar PV,Large scale Solar PV,Large scale Solar PV,,,All Large scale solar PV,All Large scale solar PV,,Numurkah Solar Farm,Solar
175,Wemen Solar Farm,Large scale Solar PV,VIC,VIC,Murray River,Existing,,Solar,Solar,Wemen Solar Farm,Wemen Solar Farm,Large scale Solar PV,Large scale Solar PV,Large scale Solar PV,Large scale Solar PV,Large scale Solar PV,Large scale Solar PV,Large scale Solar PV,Large scale Solar PV,Large scale Solar PV,,,All Large scale solar PV,All Large scale solar PV,,Wemen Solar Farm,Solar
176,Winton Solar Farm,Large scale Solar PV,VIC,VIC,Central North Vic,Existing,,Solar,Solar,Winton Solar Farm,Winton Solar Farm,Large scale Solar PV,Large scale Solar PV,Large scale Solar PV,Large scale Solar PV,Large scale Solar PV,Large scale Solar PV,Large scale Solar PV,Large scale Solar PV,Large scale Solar PV,,,All Large scale solar PV,All Large scale solar PV,,Winton Solar Farm,Solar
177,Yatpool Solar Farm,Large scale Solar PV,VIC,VIC,Murray River,Existing,,Solar,Solar,Yatpool Solar Farm,Yatpool Solar Farm,Large scale Solar PV,Large scale Solar PV,Large scale Solar PV,Large scale Solar PV,Large scale Solar PV,Large scale Solar PV,Large scale Solar PV,Large scale Solar PV,Large scale Solar PV,,,All Large scale solar PV,All Large scale solar PV,,Yatpool Solar Farm,Solar
178,Bango 973 Wind Farm,Wind,NSW,SNSW,,Existing,,Wind,Wind,Bango 973 Wind Farm,Bango 973 Wind Farm,Wind,Wind,Wind,Wind,Wind,Wind,Wind,Wind,Wind,,,All Wind,All Wind,,Bango 973 Wind Farm,Wind
179,Bango 999 Wind Farm,Wind,NSW,SNSW,,Existing,,Wind,Wind,Bango 999 Wind Farm,Bango 999 Wind Farm,Wind,Wind,Wind,Wind,Wind,Wind,Wind,Wind,Wind,,,All Wind,All Wind,,Bango 999 Wind Farm,Wind
180,Boco Rock Wind Farm,Wind,NSW,SNSW,Cooma-Monaro,Existing,,Wind,Wind,Boco Rock Wind Farm,Boco Rock Wind Farm,Wind,Wind,Wind,Wind,Wind,Wind,Wind,Wind,Wind,,,All Wind,All Wind,,Boco Rock Wind Farm,Wind
181,Bodangora Wind Farm,Wind,NSW,CNSW,Central-West Orana,Existing,,Wind,Wind,Bodangora Wind Farm,Bodangora Wind Farm,Wind,Wind,Wind,Wind,Wind,Wind,Wind,Wind,Wind,,,All Wind,All Wind,,Bodangora Wind Farm,Wind
182,Capital Wind Farm,Wind,NSW,SNSW,,Existing,,Wind,Wind,Capital Wind Farm,Capital Wind Farm,Wind,Wind,Wind,Wind,Wind,Wind,Wind,Wind,Wind,,,All Wind,All Wind,,Capital Wind Farm,Wind
183,Collector Wind Farm,Wind,NSW,SNSW,,Existing,,Wind,Wind,Collector Wind Farm,Collector Wind Farm,Wind,Wind,Wind,Wind,Wind,Wind,Wind,Wind,Wind,,,All Wind,All Wind,,Collector Wind Farm,Wind
184,Crookwell 2 Wind Farm,Wind,NSW,SNSW,,Existing,,Wind,Wind,Crookwell 2 Wind Farm,Crookwell 2 Wind Farm,Wind,Wind,Wind,Wind,Wind,Wind,Wind,Wind,Wind,,,All Wind,All Wind,,Crookwell 2 Wind Farm,Wind
185,Crudine Ridge Wind Farm,Wind,NSW,CNSW,,Existing,,Wind,Wind,Crudine Ridge Wind Farm,Crudine Ridge Wind Farm,Wind,Wind,Wind,Wind,Wind,Wind,Wind,Wind,Wind,,,All Wind,All Wind,,Crudine Ridge Wind Farm,Wind
186,Cullerin Range Wind Farm,Wind,NSW,SNSW,,Existing,,Wind,Wind,Cullerin Range Wind Farm,Cullerin Range Wind Farm,Wind,Wind,Wind,Wind,Wind,Wind,Wind,Wind,Wind,,,All Wind,All Wind,,Cullerin Range Wind Farm,Wind
187,Gullen Range Wind Farm,Wind,NSW,SNSW,,Existing,,Wind,Wind,Gullen Range Wind Farm,Gullen Range Wind Farm,Wind,Wind,Wind,Wind,Wind,Wind,Wind,Wind,Wind,,,All Wind,All Wind,,Gullen Range Wind Farm,Wind
188,Gullen Range Wind Farm 2,Wind,NSW,SNSW,,Existing,,Wind,Wind,Gullen Range Wind Farm 2,Gullen Range Wind Farm 2,Wind,Wind,Wind,Wind,Wind,Wind,Wind,Wind,Wind,,,All Wind,All Wind,,Gullen Range Wind Farm 2,Wind
189,Gunning Wind Farm,Wind,NSW,SNSW,,Existing,,Wind,Wind,Gunning Wind Farm,Gunning Wind Farm,Wind,Wind,Wind,Wind,Wind,Wind,Wind,Wind,Wind,,,All Wind,All Wind,,Gunning Wind Farm,Wind
190,Sapphire Wind Farm,Wind,NSW,NNSW,New England,Existing,,Wind,Wind,Sapphire Wind Farm,Sapphire Wind Farm,Wind,Wind,Wind,Wind,Wind,Wind,Wind,Wind,Wind,,,All Wind,All Wind,,Sapphire Wind Farm,Wind
191,Silverton Wind Farm,Wind,NSW,SNSW,Broken Hill,Existing,,Wind,Wind,Silverton Wind Farm,Silverton Wind Farm,Wind,Wind,Wind,Wind,Wind,Wind,Wind,Wind,Wind,,,All Wind,All Wind,,Silverton Wind Farm,Wind
192,Taralga Wind Farm,Wind,NSW,CNSW,,Existing,,Wind,Wind,Taralga Wind Farm,Taralga Wind Farm,Wind,Wind,Wind,Wind,Wind,Wind,Wind,Wind,Wind,,,All Wind,All Wind,,Taralga Wind Farm,Wind
193,White Rock Wind Farm - Stage 1,Wind,NSW,NNSW,New England,Existing,,Wind,Wind,White Rock Wind Farm - Stage 1,White Rock Wind Farm - Stage 1,Wind,Wind,Wind,Wind,Wind,Wind,Wind,Wind,Wind,,,All Wind,All Wind,,White Rock Wind Farm - Stage 1,Wind
194,Woodlawn Wind Farm,Wind,NSW,SNSW,,Existing,,Wind,Wind,Woodlawn Wind Farm,Woodlawn Wind Farm,Wind,Wind,Wind,Wind,Wind,Wind,Wind,Wind,Wind,,,All Wind,All Wind,,Woodlawn Wind Farm,Wind
195,Coopers Gap Wind Farm,Wind,QLD,SQ,Darling Downs,Existing,,Wind,Wind,Coopers Gap Wind Farm,Coopers Gap Wind Farm,Wind,Wind,Wind,Wind,Wind,Wind,Wind,Wind,Wind,,,All Wind,All Wind,,Coopers Gap Wind Farm,Wind
196,Kaban Green Power Hub - Wind Farm,Wind,QLD,NQ,Far North QLD,Existing,,Wind,Wind,Kaban Green Power Hub - Wind Farm,Kaban Green Power Hub - Wind Farm,Wind,Wind,Wind,Wind,Wind,Wind,Wind,Wind,Wind,,,All Wind,All Wind,,Kaban Green Power Hub - Wind Farm,Wind
197,Kennedy Energy Park Wind Farm,Wind,QLD,NQ,North Qld Clean Energy Hub,Existing,,Wind,Wind,Kennedy Energy Park Wind Farm,Kennedy Energy Park Wind Farm,Wind,Wind,Wind,Wind,Wind,Wind,Wind,Wind,Wind,,,All Wind,All Wind,,Kennedy Energy Park Wind Farm,Wind
198,Mount Emerald Wind Farm,Wind,QLD,NQ,Far North QLD,Existing,,Wind,Wind,Mount Emerald Wind Farm,Mount Emerald Wind Farm,Wind,Wind,Wind,Wind,Wind,Wind,Wind,Wind,Wind,,,All Wind,All Wind,,Mount Emerald Wind Farm,Wind
199,Canunda Wind Farm,Wind,SA,SESA,South East SA,Existing,,Wind,Wind,Canunda Wind Farm,Canunda Wind Farm,Wind,Wind,Wind,Wind,Wind,Wind,Wind,Wind,Wind,,,All Wind,All Wind,,Canunda Wind Farm,Wind
200,Cathedral Rocks Wind Farm,Wind,SA,CSA,Eastern Eyre Peninsula,Existing,,Wind,Wind,Cathedral Rocks Wind Farm,Cathedral Rocks Wind Farm,Wind,Wind,Wind,Wind,Wind,Wind,Wind,Wind,Wind,,,All Wind,All Wind,,Cathedral Rocks Wind Farm,Wind
201,Clements Gap Wind Farm,Wind,SA,CSA,Mid-North SA,Existing,,Wind,Wind,Clements Gap Wind Farm,Clements Gap Wind Farm,Wind,Wind,Wind,Wind,Wind,Wind,Wind,Wind,Wind,,,All Wind,All Wind,,Clements Gap Wind Farm,Wind
202,Hallett 4 North Brown Hill Wind Farm,Wind,SA,CSA,Mid-North SA,Existing,,Wind,Wind,Hallett 4 North Brown Hill Wind Farm,Hallett 4 North Brown Hill Wind Farm,Wind,Wind,Wind,Wind,Wind,Wind,Wind,Wind,Wind,,,All Wind,All Wind,,Hallett 4 North Brown Hill Wind Farm,Wind
203,Hallett 5 The Bluff Wind Farm,Wind,SA,CSA,Mid-North SA,Existing,,Wind,Wind,Hallett 5 The Bluff Wind Farm,Hallett 5 The Bluff Wind Farm,Wind,Wind,Wind,Wind,Wind,Wind,Wind,Wind,Wind,,,All Wind,All Wind,,Hallett 5 The Bluff Wind Farm,Wind
204,Hallett Stage 1 Brown Hill Wind Farm,Wind,SA,CSA,Mid-North SA,Existing,,Wind,Wind,Hallett Stage 1 Brown Hill Wind Farm,Hallett Stage 1 Brown Hill Wind Farm,Wind,Wind,Wind,Wind,Wind,Wind,Wind,Wind,Wind,,,All Wind,All Wind,,Hallett Stage 1 Brown Hill Wind Farm,Wind
205,Hallett Stage 2 Hallett Hill Wind Farm,Wind,SA,CSA,Mid-North SA,Existing,,Wind,Wind,Hallett Stage 2 Hallett Hill Wind Farm,Hallett Stage 2 Hallett Hill Wind Farm,Wind,Wind,Wind,Wind,Wind,Wind,Wind,Wind,Wind,,,All Wind,All Wind,,Hallett Stage 2 Hallett Hill Wind Farm,Wind
206,Hornsdale Wind Farm Stage 1,Wind,SA,CSA,Mid-North SA,Existing,,Wind,Wind,Hornsdale Wind Farm Stage 1,Hornsdale Wind Farm Stage 1,Wind,Wind,Wind,Wind,Wind,Wind,Wind,Wind,Wind,,,All Wind,All Wind,,Hornsdale Wind Farm Stage 1,Wind
207,Hornsdale Wind Farm Stage 2,Wind,SA,CSA,Mid-North SA,Existing,,Wind,Wind,Hornsdale Wind Farm Stage 2,Hornsdale Wind Farm Stage 2,Wind,Wind,Wind,Wind,Wind,Wind,Wind,Wind,Wind,,,All Wind,All Wind,,Hornsdale Wind Farm Stage 2,Wind
208,Hornsdale Wind Farm Stage 3,Wind,SA,CSA,Mid-North SA,Existing,,Wind,Wind,Hornsdale Wind Farm Stage 3,Hornsdale Wind Farm Stage 3,Wind,Wind,Wind,Wind,Wind,Wind,Wind,Wind,Wind,,,All Wind,All Wind,,Hornsdale Wind Farm Stage 3,Wind
209,Lake Bonney 1 Wind Farm,Wind,SA,SESA,South East SA,Existing,,Wind,Wind,Lake Bonney 1 Wind Farm,Lake Bonney 1 Wind Farm,Wind,Wind,Wind,Wind,Wind,Wind,Wind,Wind,Wind,,,All Wind,All Wind,,Lake Bonney 1 Wind Farm,Wind
210,Lake Bonney 2 Wind Farm,Wind,SA,SESA,South East SA,Existing,,Wind,Wind,Lake Bonney 2 Wind Farm,Lake Bonney 2 Wind Farm,Wind,Wind,Wind,Wind,Wind,Wind,Wind,Wind,Wind,,,All Wind,All Wind,,Lake Bonney 2 Wind Farm,Wind
211,Lake Bonney 3 Wind Farm,Wind,SA,SESA,South East SA,Existing,,Wind,Wind,Lake Bonney 3 Wind Farm,Lake Bonney 3 Wind Farm,Wind,Wind,Wind,Wind,Wind,Wind,Wind,Wind,Wind,,,All Wind,All Wind,,Lake Bonney 3 Wind Farm,Wind
212,Lincoln Gap Wind Farm - stage 1,Wind,SA,CSA,Northern SA,Existing,,Wind,Wind,Lincoln Gap Wind Farm - stage 1,Lincoln Gap Wind Farm - stage 1,Wind,Wind,Wind,Wind,Wind,Wind,Wind,Wind,Wind,,,All Wind,All Wind,,Lincoln Gap Wind Farm - stage 1,Wind
213,Lincoln Gap Wind Farm - stage 2,Wind,SA,CSA,Northern SA,Existing,,Wind,Wind,Lincoln Gap Wind Farm - stage 2,Lincoln Gap Wind Farm - stage 2,Wind,Wind,Wind,Wind,Wind,Wind,Wind,Wind,Wind,,,All Wind,All Wind,,Lincoln Gap Wind Farm - stage 2,Wind
214,Mount Millar Wind Farm,Wind,SA,CSA,Eastern Eyre Peninsula,Existing,,Wind,Wind,Mount Millar Wind Farm,Mount Millar Wind Farm,Wind,Wind,Wind,Wind,Wind,Wind,Wind,Wind,Wind,,,All Wind,All Wind,,Mount Millar Wind Farm,Wind
215,Port Augusta Renewable Energy Park - Wind,Wind,SA,CSA,Northern SA,Existing,,Wind,Wind,Port Augusta Renewable Energy Park - Wind,Port Augusta Renewable Energy Park - Wind,Wind,Wind,Wind,Wind,Wind,Wind,Wind,Wind,Wind,,,All Wind,All Wind,,Port Augusta Renewable Energy Park - Wind,Wind
216,Snowtown S2 Wind Farm,Wind,SA,CSA,Mid-North SA,Existing,,Wind,Wind,Snowtown S2 Wind Farm,Snowtown S2 Wind Farm,Wind,Wind,Wind,Wind,Wind,Wind,Wind,Wind,Wind,,,All Wind,All Wind,,Snowtown S2 Wind Farm,Wind
217,Snowtown Wind Farm,Wind,SA,CSA,Mid-North SA,Existing,,Wind,Wind,Snowtown Wind Farm,Snowtown Wind Farm,Wind,Wind,Wind,Wind,Wind,Wind,Wind,Wind,Wind,,,All Wind,All Wind,,Snowtown Wind Farm,Wind
218,Starfish Hill Wind Farm,Wind,SA,CSA,,Existing,,Wind,Wind,Starfish Hill Wind Farm,Starfish Hill Wind Farm,Wind,Wind,Wind,Wind,Wind,Wind,Wind,Wind,Wind,,,All Wind,All Wind,,Starfish Hill Wind Farm,Wind
219,Waterloo Wind Farm,Wind,SA,CSA,Mid-North SA,Existing,,Wind,Wind,Waterloo Wind Farm,Waterloo Wind Farm,Wind,Wind,Wind,Wind,Wind,Wind,Wind,Wind,Wind,,,All Wind,All Wind,,Waterloo Wind Farm,Wind
220,Wattle Point Wind Farm,Wind,SA,CSA,Yorke Peninsula,Existing,,Wind,Wind,Wattle Point Wind Farm,Wattle Point Wind Farm,Wind,Wind,Wind,Wind,Wind,Wind,Wind,Wind,Wind,,,All Wind,All Wind,,Wattle Point Wind Farm,Wind
221,Willogoleche Wind Farm,Wind,SA,CSA,Mid-North SA,Existing,,Wind,Wind,Willogoleche Wind Farm,Willogoleche Wind Farm,Wind,Wind,Wind,Wind,Wind,Wind,Wind,Wind,Wind,,,All Wind,All Wind,,Willogoleche Wind Farm,Wind
222,Cattle Hill Wind Farm,Wind,TAS,TAS,Central Highlands,Existing,,Wind,Wind,Cattle Hill Wind Farm,Cattle Hill Wind Farm,Wind,Wind,Wind,Wind,Wind,Wind,Wind,Wind,Wind,,,All Wind,All Wind,,Cattle Hill Wind Farm,Wind
223,Granville Harbour Wind Farm,Wind,TAS,TAS,North West Tasmania,Existing,,Wind,Wind,Granville Harbour Wind Farm,Granville Harbour Wind Farm,Wind,Wind,Wind,Wind,Wind,Wind,Wind,Wind,Wind,,,All Wind,All Wind,,Granville Harbour Wind Farm,Wind
224,Musselroe Wind Farm,Wind,TAS,TAS,,Existing,,Wind,Wind,Musselroe Wind Farm,Musselroe Wind Farm,Wind,Wind,Wind,Wind,Wind,Wind,Wind,Wind,Wind,,,All Wind,All Wind,,Musselroe Wind Farm,Wind
225,Woolnorth Wind Farm,Wind,TAS,TAS,,Existing,,Wind,Wind,Woolnorth Wind Farm,Woolnorth Wind Farm,Wind,Wind,Wind,Wind,Wind,Wind,Wind,Wind,Wind,,,All Wind,All Wind,,Woolnorth Wind Farm,Wind
226,Ararat Wind Farm,Wind,VIC,VIC,Western Victoria,Existing,,Wind,Wind,Ararat Wind Farm,Ararat Wind Farm,Wind,Wind,Wind,Wind,Wind,Wind,Wind,Wind,Wind,,,All Wind,All Wind,,Ararat Wind Farm,Wind
227,Bald Hills Wind Farm,Wind,VIC,VIC,,Existing,,Wind,Wind,Bald Hills Wind Farm,Bald Hills Wind Farm,Wind,Wind,Wind,Wind,Wind,Wind,Wind,Wind,Wind,,,All Wind,All Wind,,Bald Hills Wind Farm,Wind
228,Berrybank Wind Farm,Wind,VIC,VIC,South West Victoria,Existing,,Wind,Wind,Berrybank Wind Farm,Berrybank Wind Farm,Wind,Wind,Wind,Wind,Wind,Wind,Wind,Wind,Wind,,,All Wind,All Wind,,Berrybank Wind Farm,Wind
229,Bulgana Green Power Hub - Wind Farm,Wind,VIC,VIC,Western Victoria,Existing,,Wind,Wind,Bulgana Green Power Hub - Wind Farm,Bulgana Green Power Hub - Wind Farm,Wind,Wind,Wind,Wind,Wind,Wind,Wind,Wind,Wind,,,All Wind,All Wind,,Bulgana Green Power Hub - Wind Farm,Wind
230,Challicum Hills Wind Farm,Wind,VIC,VIC,Western Victoria,Existing,,Wind,Wind,Challicum Hills Wind Farm,Challicum Hills Wind Farm,Wind,Wind,Wind,Wind,Wind,Wind,Wind,Wind,Wind,,,All Wind,All Wind,,Challicum Hills Wind Farm,Wind
231,Cherry Tree Wind Farm,Wind,VIC,VIC,,Existing,,Wind,Wind,Cherry Tree Wind Farm,Cherry Tree Wind Farm,Wind,Wind,Wind,Wind,Wind,Wind,Wind,Wind,Wind,,,All Wind,All Wind,,Cherry Tree Wind Farm,Wind
232,Crowlands Wind Farm,Wind,VIC,VIC,Western Victoria,Existing,,Wind,Wind,Crowlands Wind Farm,Crowlands Wind Farm,Wind,Wind,Wind,Wind,Wind,Wind,Wind,Wind,Wind,,,All Wind,All Wind,,Crowlands Wind Farm,Wind
233,Dundonnell Wind Farm,Wind,VIC,VIC,South West Victoria,Existing,,Wind,Wind,Dundonnell Wind Farm,Dundonnell Wind Farm,Wind,Wind,Wind,Wind,Wind,Wind,Wind,Wind,Wind,,,All Wind,All Wind,,Dundonnell Wind Farm,Wind
234,Elaine Wind Farm,Wind,VIC,VIC,Western Victoria,Existing,,Wind,Wind,Elaine Wind Farm,Elaine Wind Farm,Wind,Wind,Wind,Wind,Wind,Wind,Wind,Wind,Wind,,,All Wind,All Wind,,Elaine Wind Farm,Wind
235,Kiata Wind Farm,Wind,VIC,VIC,Western Victoria,Existing,,Wind,Wind,Kiata Wind Farm,Kiata Wind Farm,Wind,Wind,Wind,Wind,Wind,Wind,Wind,Wind,Wind,,,All Wind,All Wind,,Kiata Wind Farm,Wind
236,Macarthur Wind Farm,Wind,VIC,VIC,South West Victoria,Existing,,Wind,Wind,Macarthur Wind Farm,Macarthur Wind Farm,Wind,Wind,Wind,Wind,Wind,Wind,Wind,Wind,Wind,,,All Wind,All Wind,,Macarthur Wind Farm,Wind
237,Moorabool Wind Farm,Wind,VIC,VIC,Western Victoria,Existing,,Wind,Wind,Moorabool Wind Farm,Moorabool Wind Farm,Wind,Wind,Wind,Wind,Wind,Wind,Wind,Wind,Wind,,,All Wind,All Wind,,Moorabool Wind Farm,Wind
238,Mortlake South Wind Farm,Wind,VIC,VIC,South West Victoria,Existing,,Wind,Wind,Mortlake South Wind Farm,Mortlake South Wind Farm,Wind,Wind,Wind,Wind,Wind,Wind,Wind,Wind,Wind,,,All Wind,All Wind,,Mortlake South Wind Farm,Wind
239,Mortons Lane Wind Farm,Wind,VIC,VIC,South West Victoria,Existing,,Wind,Wind,Mortons Lane Wind Farm,Mortons Lane Wind Farm,Wind,Wind,Wind,Wind,Wind,Wind,Wind,Wind,Wind,,,All Wind,All Wind,,Mortons Lane Wind Farm,Wind
240,Mt Gellibrand Wind Farm,Wind,VIC,VIC,South West Victoria,Existing,,Wind,Wind,Mt Gellibrand Wind Farm,Mt Gellibrand Wind Farm,Wind,Wind,Wind,Wind,Wind,Wind,Wind,Wind,Wind,,,All Wind,All Wind,,Mt Gellibrand Wind Farm,Wind
241,Mt Mercer Wind Farm,Wind,VIC,VIC,Western Victoria,Existing,,Wind,Wind,Mt Mercer Wind Farm,Mt Mercer Wind Farm,Wind,Wind,Wind,Wind,Wind,Wind,Wind,Wind,Wind,,,All Wind,All Wind,,Mt Mercer Wind Farm,Wind
242,Murra Warra Wind Farm - stage 1,Wind,VIC,VIC,Western Victoria,Existing,,Wind,Wind,Murra Warra Wind Farm - stage 1,Murra Warra Wind Farm - stage 1,Wind,Wind,Wind,Wind,Wind,Wind,Wind,Wind,Wind,,,All Wind,All Wind,,Murra Warra Wind Farm - stage 1,Wind
243,Murra Warra Wind Farm - stage 2,Wind,VIC,VIC,Western Victoria,Existing,,Wind,Wind,Murra Warra Wind Farm - Stage 2,Murra Warra Wind Farm - Stage 2,Wind,Wind,Wind,Wind,Wind,Wind,Wind,Wind,Wind,,,All Wind,All Wind,,Murra Warra Wind Farm - stage 2,Wind
244,Oaklands Hill Wind Farm,Wind,VIC,VIC,South West Victoria,Existing,,Wind,Wind,Oaklands Hill Wind Farm,Oaklands Hill Wind Farm,Wind,Wind,Wind,Wind,Wind,Wind,Wind,Wind,Wind,,,All Wind,All Wind,,Oaklands Hill Wind Farm,Wind
245,Portland Wind Farm,Wind,VIC,VIC,South West Victoria,Existing,,Wind,Wind,Portland Wind Farm,Portland Wind Farm,Wind,Wind,Wind,Wind,Wind,Wind,Wind,Wind,Wind,,,All Wind,All Wind,,Portland Wind Farm,Wind
246,Salt Creek Wind Farm,Wind,VIC,VIC,South West Victoria,Existing,,Wind,Wind,Salt Creek Wind Farm,Salt Creek Wind Farm,Wind,Wind,Wind,Wind,Wind,Wind,Wind,Wind,Wind,,,All Wind,All Wind,,Salt Creek Wind Farm,Wind
247,Stockyard Hill Wind Farm,Wind,VIC,VIC,South West Victoria,Existing,,Wind,Wind,Stockyard Hill Wind Farm,Stockyard Hill Wind Farm,Wind,Wind,Wind,Wind,Wind,Wind,Wind,Wind,Wind,,,All Wind,All Wind,,Stockyard Hill Wind Farm,Wind
248,Waubra Wind Farm,Wind,VIC,VIC,Western Victoria,Existing,,Wind,Wind,Waubra Wind Farm,Waubra Wind Farm,Wind,Wind,Wind,Wind,Wind,Wind,Wind,Wind,Wind,,,All Wind,All Wind,,Waubra Wind Farm,Wind
249,Yaloak South Wind Farm,Wind,VIC,VIC,Western Victoria,Existing,,Wind,Wind,Yaloak South Wind Farm,Yaloak South Wind Farm,Wind,Wind,Wind,Wind,Wind,Wind,Wind,Wind,Wind,,,All Wind,All Wind,,Yaloak South Wind Farm,Wind
250,Yambuk Wind Farm,Wind,VIC,VIC,South West Victoria,Existing,,Wind,Wind,Yambuk Wind Farm,Yambuk Wind Farm,Wind,Wind,Wind,Wind,Wind,Wind,Wind,Wind,Wind,,,All Wind,All Wind,,Yambuk Wind Farm,Wind
251,Yendon Wind Farm,Wind,VIC,VIC,Western Victoria,Existing,,Wind,Wind,Yendon Wind Farm,Yendon Wind Farm,Wind,Wind,Wind,Wind,Wind,Wind,Wind,Wind,Wind,,,All Wind,All Wind,,Yendon Wind Farm,Wind
